table,filename,#VALUE!,bytes,timestamp
,AIM00.T_UB92_DTL_EXT_KEY_0.dat,AIM00.T_UB92_DTL_EXT_KEY_0,19424059,3/4/2026 16:02
,AIM00.T_UB92_DTL_EXT_KEY_1.dat,AIM00.T_UB92_DTL_EXT_KEY_1,19416022,3/4/2026 16:02
,AIM00.T_UB92_HDR_COND_X_0.dat,AIM00.T_UB92_HDR_COND_X_0,124813,3/4/2026 16:02
,AIM00.T_UB92_HDR_DIAG_X_0.dat,AIM00.T_UB92_HDR_DIAG_X_0,10615896,3/4/2026 16:02
,AIM00.T_UB92_HDR_DIAG_X_1.dat,AIM00.T_UB92_HDR_DIAG_X_1,10552920,3/4/2026 16:02
,AIM00.T_UB92_HDR_INP_0.dat,AIM00.T_UB92_HDR_INP_0,229707,3/4/2026 16:02
,AIM00.T_UB92_HDR_OCC_0.dat,AIM00.T_UB92_HDR_OCC_0,1980600,3/4/2026 16:02
,AIM00.T_UB92_HDR_VALUE_0.dat,AIM00.T_UB92_HDR_VALUE_0,565387,3/4/2026 16:02
,AIM01.T_UB92_DTL_EXT_KEY_0.dat,AIM01.T_UB92_DTL_EXT_KEY_0,57147039,3/4/2026 16:02
,AIM01.T_UB92_DTL_EXT_KEY_10.dat,AIM01.T_UB92_DTL_EXT_KEY_10,57030441,3/4/2026 16:02
,AIM01.T_UB92_DTL_EXT_KEY_11.dat,AIM01.T_UB92_DTL_EXT_KEY_11,57095676,3/4/2026 16:02
,AIM01.T_UB92_DTL_EXT_KEY_12.dat,AIM01.T_UB92_DTL_EXT_KEY_12,57051885,3/4/2026 16:02
,AIM01.T_UB92_DTL_EXT_KEY_13.dat,AIM01.T_UB92_DTL_EXT_KEY_13,57018881,3/4/2026 16:02
,AIM01.T_UB92_DTL_EXT_KEY_14.dat,AIM01.T_UB92_DTL_EXT_KEY_14,57066107,3/4/2026 16:02
,AIM01.T_UB92_DTL_EXT_KEY_15.dat,AIM01.T_UB92_DTL_EXT_KEY_15,57022084,3/4/2026 16:02
,AIM01.T_UB92_DTL_EXT_KEY_16.dat,AIM01.T_UB92_DTL_EXT_KEY_16,56944660,3/4/2026 16:02
,AIM01.T_UB92_DTL_EXT_KEY_17.dat,AIM01.T_UB92_DTL_EXT_KEY_17,57046587,3/4/2026 16:02
,AIM01.T_UB92_DTL_EXT_KEY_18.dat,AIM01.T_UB92_DTL_EXT_KEY_18,57059019,3/4/2026 16:02
,AIM01.T_UB92_DTL_EXT_KEY_19.dat,AIM01.T_UB92_DTL_EXT_KEY_19,57041216,3/4/2026 16:02
,AIM01.T_UB92_DTL_EXT_KEY_1.dat,AIM01.T_UB92_DTL_EXT_KEY_1,57131372,3/4/2026 16:02
,AIM01.T_UB92_DTL_EXT_KEY_20.dat,AIM01.T_UB92_DTL_EXT_KEY_20,57097915,3/4/2026 16:02
,AIM01.T_UB92_DTL_EXT_KEY_21.dat,AIM01.T_UB92_DTL_EXT_KEY_21,57047307,3/4/2026 16:02
,AIM01.T_UB92_DTL_EXT_KEY_22.dat,AIM01.T_UB92_DTL_EXT_KEY_22,57002150,3/4/2026 16:02
,AIM01.T_UB92_DTL_EXT_KEY_23.dat,AIM01.T_UB92_DTL_EXT_KEY_23,57038270,3/4/2026 16:02
,AIM01.T_UB92_DTL_EXT_KEY_24.dat,AIM01.T_UB92_DTL_EXT_KEY_24,56937601,3/4/2026 16:02
,AIM01.T_UB92_DTL_EXT_KEY_25.dat,AIM01.T_UB92_DTL_EXT_KEY_25,57100145,3/4/2026 16:02
,AIM01.T_UB92_DTL_EXT_KEY_26.dat,AIM01.T_UB92_DTL_EXT_KEY_26,57059943,3/4/2026 16:02
,AIM01.T_UB92_DTL_EXT_KEY_27.dat,AIM01.T_UB92_DTL_EXT_KEY_27,57077733,3/4/2026 16:02
,AIM01.T_UB92_DTL_EXT_KEY_28.dat,AIM01.T_UB92_DTL_EXT_KEY_28,57048489,3/4/2026 16:02
,AIM01.T_UB92_DTL_EXT_KEY_29.dat,AIM01.T_UB92_DTL_EXT_KEY_29,56968213,3/4/2026 16:02
,AIM01.T_UB92_DTL_EXT_KEY_2.dat,AIM01.T_UB92_DTL_EXT_KEY_2,57079427,3/4/2026 16:02
,AIM01.T_UB92_DTL_EXT_KEY_30.dat,AIM01.T_UB92_DTL_EXT_KEY_30,57114637,3/4/2026 16:02
,AIM01.T_UB92_DTL_EXT_KEY_31.dat,AIM01.T_UB92_DTL_EXT_KEY_31,57036876,3/4/2026 16:02
,AIM01.T_UB92_DTL_EXT_KEY_32.dat,AIM01.T_UB92_DTL_EXT_KEY_32,56965724,3/4/2026 16:02
,AIM01.T_UB92_DTL_EXT_KEY_33.dat,AIM01.T_UB92_DTL_EXT_KEY_33,56972803,3/4/2026 16:02
,AIM01.T_UB92_DTL_EXT_KEY_34.dat,AIM01.T_UB92_DTL_EXT_KEY_34,56891701,3/4/2026 16:02
,AIM01.T_UB92_DTL_EXT_KEY_35.dat,AIM01.T_UB92_DTL_EXT_KEY_35,56986649,3/4/2026 16:02
,AIM01.T_UB92_DTL_EXT_KEY_36.dat,AIM01.T_UB92_DTL_EXT_KEY_36,57015233,3/4/2026 16:02
,AIM01.T_UB92_DTL_EXT_KEY_37.dat,AIM01.T_UB92_DTL_EXT_KEY_37,57082189,3/4/2026 16:02
,AIM01.T_UB92_DTL_EXT_KEY_38.dat,AIM01.T_UB92_DTL_EXT_KEY_38,57064190,3/4/2026 16:02
,AIM01.T_UB92_DTL_EXT_KEY_39.dat,AIM01.T_UB92_DTL_EXT_KEY_39,57113732,3/4/2026 16:02
,AIM01.T_UB92_DTL_EXT_KEY_3.dat,AIM01.T_UB92_DTL_EXT_KEY_3,57136898,3/4/2026 16:02
,AIM01.T_UB92_DTL_EXT_KEY_40.dat,AIM01.T_UB92_DTL_EXT_KEY_40,57049996,3/4/2026 16:02
,AIM01.T_UB92_DTL_EXT_KEY_41.dat,AIM01.T_UB92_DTL_EXT_KEY_41,57033012,3/4/2026 16:02
,AIM01.T_UB92_DTL_EXT_KEY_42.dat,AIM01.T_UB92_DTL_EXT_KEY_42,57171147,3/4/2026 16:02
,AIM01.T_UB92_DTL_EXT_KEY_43.dat,AIM01.T_UB92_DTL_EXT_KEY_43,57101437,3/4/2026 16:02
,AIM01.T_UB92_DTL_EXT_KEY_44.dat,AIM01.T_UB92_DTL_EXT_KEY_44,57024972,3/4/2026 16:02
,AIM01.T_UB92_DTL_EXT_KEY_45.dat,AIM01.T_UB92_DTL_EXT_KEY_45,57117358,3/4/2026 16:02
,AIM01.T_UB92_DTL_EXT_KEY_46.dat,AIM01.T_UB92_DTL_EXT_KEY_46,56975694,3/4/2026 16:02
,AIM01.T_UB92_DTL_EXT_KEY_47.dat,AIM01.T_UB92_DTL_EXT_KEY_47,57044378,3/4/2026 16:02
,AIM01.T_UB92_DTL_EXT_KEY_48.dat,AIM01.T_UB92_DTL_EXT_KEY_48,57047354,3/4/2026 16:02
,AIM01.T_UB92_DTL_EXT_KEY_49.dat,AIM01.T_UB92_DTL_EXT_KEY_49,56970625,3/4/2026 16:02
,AIM01.T_UB92_DTL_EXT_KEY_4.dat,AIM01.T_UB92_DTL_EXT_KEY_4,57125777,3/4/2026 16:02
,AIM01.T_UB92_DTL_EXT_KEY_50.dat,AIM01.T_UB92_DTL_EXT_KEY_50,56940255,3/4/2026 16:02
,AIM01.T_UB92_DTL_EXT_KEY_51.dat,AIM01.T_UB92_DTL_EXT_KEY_51,56931394,3/4/2026 16:02
,AIM01.T_UB92_DTL_EXT_KEY_52.dat,AIM01.T_UB92_DTL_EXT_KEY_52,57088085,3/4/2026 16:02
,AIM01.T_UB92_DTL_EXT_KEY_53.dat,AIM01.T_UB92_DTL_EXT_KEY_53,56988221,3/4/2026 16:02
,AIM01.T_UB92_DTL_EXT_KEY_54.dat,AIM01.T_UB92_DTL_EXT_KEY_54,56947507,3/4/2026 16:02
,AIM01.T_UB92_DTL_EXT_KEY_55.dat,AIM01.T_UB92_DTL_EXT_KEY_55,56949543,3/4/2026 16:02
,AIM01.T_UB92_DTL_EXT_KEY_56.dat,AIM01.T_UB92_DTL_EXT_KEY_56,57025632,3/4/2026 16:02
,AIM01.T_UB92_DTL_EXT_KEY_57.dat,AIM01.T_UB92_DTL_EXT_KEY_57,57039606,3/4/2026 16:02
,AIM01.T_UB92_DTL_EXT_KEY_58.dat,AIM01.T_UB92_DTL_EXT_KEY_58,57057558,3/4/2026 16:02
,AIM01.T_UB92_DTL_EXT_KEY_59.dat,AIM01.T_UB92_DTL_EXT_KEY_59,57052420,3/4/2026 16:02
,AIM01.T_UB92_DTL_EXT_KEY_5.dat,AIM01.T_UB92_DTL_EXT_KEY_5,57044576,3/4/2026 16:02
,AIM01.T_UB92_DTL_EXT_KEY_60.dat,AIM01.T_UB92_DTL_EXT_KEY_60,57005028,3/4/2026 16:02
,AIM01.T_UB92_DTL_EXT_KEY_61.dat,AIM01.T_UB92_DTL_EXT_KEY_61,57051137,3/4/2026 16:02
,AIM01.T_UB92_DTL_EXT_KEY_62.dat,AIM01.T_UB92_DTL_EXT_KEY_62,56974248,3/4/2026 16:02
,AIM01.T_UB92_DTL_EXT_KEY_63.dat,AIM01.T_UB92_DTL_EXT_KEY_63,57081297,3/4/2026 16:02
,AIM01.T_UB92_DTL_EXT_KEY_64.dat,AIM01.T_UB92_DTL_EXT_KEY_64,57004744,3/4/2026 16:02
,AIM01.T_UB92_DTL_EXT_KEY_65.dat,AIM01.T_UB92_DTL_EXT_KEY_65,56959922,3/4/2026 16:02
,AIM01.T_UB92_DTL_EXT_KEY_66.dat,AIM01.T_UB92_DTL_EXT_KEY_66,57059134,3/4/2026 16:02
,AIM01.T_UB92_DTL_EXT_KEY_67.dat,AIM01.T_UB92_DTL_EXT_KEY_67,57152183,3/4/2026 16:02
,AIM01.T_UB92_DTL_EXT_KEY_68.dat,AIM01.T_UB92_DTL_EXT_KEY_68,57032591,3/4/2026 16:02
,AIM01.T_UB92_DTL_EXT_KEY_69.dat,AIM01.T_UB92_DTL_EXT_KEY_69,57105976,3/4/2026 16:02
,AIM01.T_UB92_DTL_EXT_KEY_6.dat,AIM01.T_UB92_DTL_EXT_KEY_6,57091670,3/4/2026 16:02
,AIM01.T_UB92_DTL_EXT_KEY_70.dat,AIM01.T_UB92_DTL_EXT_KEY_70,56970923,3/4/2026 16:02
,AIM01.T_UB92_DTL_EXT_KEY_71.dat,AIM01.T_UB92_DTL_EXT_KEY_71,56964223,3/4/2026 16:02
,AIM01.T_UB92_DTL_EXT_KEY_72.dat,AIM01.T_UB92_DTL_EXT_KEY_72,56957923,3/4/2026 16:02
,AIM01.T_UB92_DTL_EXT_KEY_73.dat,AIM01.T_UB92_DTL_EXT_KEY_73,57039524,3/4/2026 16:02
,AIM01.T_UB92_DTL_EXT_KEY_74.dat,AIM01.T_UB92_DTL_EXT_KEY_74,56983463,3/4/2026 16:02
,AIM01.T_UB92_DTL_EXT_KEY_75.dat,AIM01.T_UB92_DTL_EXT_KEY_75,56979163,3/4/2026 16:02
,AIM01.T_UB92_DTL_EXT_KEY_76.dat,AIM01.T_UB92_DTL_EXT_KEY_76,57004792,3/4/2026 16:02
,AIM01.T_UB92_DTL_EXT_KEY_77.dat,AIM01.T_UB92_DTL_EXT_KEY_77,56990589,3/4/2026 16:02
,AIM01.T_UB92_HDR_INP_0.dat,AIM01.T_UB92_HDR_INP_0,19077519,3/4/2026 16:02
,AIM01.T_UB92_DTL_EXT_KEY_78.dat,AIM01.T_UB92_DTL_EXT_KEY_78,57054088,3/4/2026 16:02
,AIM01.T_UB92_DTL_EXT_KEY_79.dat,AIM01.T_UB92_DTL_EXT_KEY_79,56989015,3/4/2026 16:02
,AIM01.T_UB92_DTL_EXT_KEY_7.dat,AIM01.T_UB92_DTL_EXT_KEY_7,57052035,3/4/2026 16:02
,AIM01.T_UB92_DTL_EXT_KEY_80.dat,AIM01.T_UB92_DTL_EXT_KEY_80,57084459,3/4/2026 16:02
,AIM01.T_UB92_DTL_EXT_KEY_81.dat,AIM01.T_UB92_DTL_EXT_KEY_81,56974708,3/4/2026 16:02
,AIM01.T_UB92_DTL_EXT_KEY_82.dat,AIM01.T_UB92_DTL_EXT_KEY_82,56931208,3/4/2026 16:02
,AIM01.T_UB92_DTL_EXT_KEY_83.dat,AIM01.T_UB92_DTL_EXT_KEY_83,57009539,3/4/2026 16:02
,AIM01.T_UB92_DTL_EXT_KEY_84.dat,AIM01.T_UB92_DTL_EXT_KEY_84,57077672,3/4/2026 16:02
,AIM01.T_UB92_DTL_EXT_KEY_85.dat,AIM01.T_UB92_DTL_EXT_KEY_85,57079205,3/4/2026 16:02
,AIM01.T_UB92_DTL_EXT_KEY_86.dat,AIM01.T_UB92_DTL_EXT_KEY_86,56925832,3/4/2026 16:02
,AIM01.T_UB92_DTL_EXT_KEY_87.dat,AIM01.T_UB92_DTL_EXT_KEY_87,57045360,3/4/2026 16:02
,AIM01.T_UB92_DTL_EXT_KEY_88.dat,AIM01.T_UB92_DTL_EXT_KEY_88,57111040,3/4/2026 16:02
,AIM01.T_UB92_DTL_EXT_KEY_89.dat,AIM01.T_UB92_DTL_EXT_KEY_89,57129411,3/4/2026 16:02
,AIM01.T_UB92_DTL_EXT_KEY_8.dat,AIM01.T_UB92_DTL_EXT_KEY_8,57101637,3/4/2026 16:02
,AIM01.T_UB92_DTL_EXT_KEY_90.dat,AIM01.T_UB92_DTL_EXT_KEY_90,57070598,3/4/2026 16:02
,AIM01.T_UB92_DTL_EXT_KEY_91.dat,AIM01.T_UB92_DTL_EXT_KEY_91,57051836,3/4/2026 16:02
,AIM01.T_UB92_DTL_EXT_KEY_92.dat,AIM01.T_UB92_DTL_EXT_KEY_92,57196614,3/4/2026 16:02
,AIM01.T_UB92_DTL_EXT_KEY_93.dat,AIM01.T_UB92_DTL_EXT_KEY_93,56994125,3/4/2026 16:02
,AIM01.T_UB92_DTL_EXT_KEY_94.dat,AIM01.T_UB92_DTL_EXT_KEY_94,57031525,3/4/2026 16:02
,AIM01.T_UB92_DTL_EXT_KEY_95.dat,AIM01.T_UB92_DTL_EXT_KEY_95,56980933,3/4/2026 16:02
,AIM01.T_UB92_DTL_EXT_KEY_96.dat,AIM01.T_UB92_DTL_EXT_KEY_96,57095520,3/4/2026 16:02
,AIM01.T_UB92_DTL_EXT_KEY_9.dat,AIM01.T_UB92_DTL_EXT_KEY_9,56932285,3/4/2026 16:02
,AIM01.T_UB92_HDR_COND_X_0.dat,AIM01.T_UB92_HDR_COND_X_0,9238870,3/4/2026 16:02
,AIM01.T_UB92_HDR_COND_X_1.dat,AIM01.T_UB92_HDR_COND_X_1,9233022,3/4/2026 16:02
,AIM01.T_UB92_HDR_DIAG_X_0.dat,AIM01.T_UB92_HDR_DIAG_X_0,30320430,3/4/2026 16:02
,AIM01.T_UB92_HDR_DIAG_X_100.dat,AIM01.T_UB92_HDR_DIAG_X_100,30357181,3/4/2026 16:02
,AIM01.T_UB92_HDR_DIAG_X_101.dat,AIM01.T_UB92_HDR_DIAG_X_101,30313225,3/4/2026 16:02
,AIM01.T_UB92_HDR_DIAG_X_102.dat,AIM01.T_UB92_HDR_DIAG_X_102,30320623,3/4/2026 16:02
,AIM01.T_UB92_HDR_DIAG_X_10.dat,AIM01.T_UB92_HDR_DIAG_X_10,30344075,3/4/2026 16:02
,AIM01.T_UB92_HDR_DIAG_X_11.dat,AIM01.T_UB92_HDR_DIAG_X_11,30334099,3/4/2026 16:02
,AIM01.T_UB92_HDR_DIAG_X_12.dat,AIM01.T_UB92_HDR_DIAG_X_12,30363780,3/4/2026 16:02
,AIM01.T_UB92_HDR_DIAG_X_13.dat,AIM01.T_UB92_HDR_DIAG_X_13,30287294,3/4/2026 16:02
,AIM01.T_UB92_HDR_DIAG_X_14.dat,AIM01.T_UB92_HDR_DIAG_X_14,30293898,3/4/2026 16:02
,AIM01.T_UB92_HDR_DIAG_X_15.dat,AIM01.T_UB92_HDR_DIAG_X_15,30324444,3/4/2026 16:02
,AIM01.T_UB92_HDR_DIAG_X_16.dat,AIM01.T_UB92_HDR_DIAG_X_16,30316510,3/4/2026 16:02
,AIM01.T_UB92_HDR_DIAG_X_17.dat,AIM01.T_UB92_HDR_DIAG_X_17,30322097,3/4/2026 16:02
,AIM01.T_UB92_HDR_DIAG_X_18.dat,AIM01.T_UB92_HDR_DIAG_X_18,30288302,3/4/2026 16:02
,AIM01.T_UB92_HDR_DIAG_X_19.dat,AIM01.T_UB92_HDR_DIAG_X_19,30284488,3/4/2026 16:02
,AIM01.T_UB92_HDR_DIAG_X_1.dat,AIM01.T_UB92_HDR_DIAG_X_1,30359801,3/4/2026 16:02
,AIM01.T_UB92_HDR_DIAG_X_20.dat,AIM01.T_UB92_HDR_DIAG_X_20,30340698,3/4/2026 16:02
,AIM01.T_UB92_HDR_DIAG_X_21.dat,AIM01.T_UB92_HDR_DIAG_X_21,30310546,3/4/2026 16:02
,AIM01.T_UB92_HDR_DIAG_X_22.dat,AIM01.T_UB92_HDR_DIAG_X_22,30310290,3/4/2026 16:02
,AIM01.T_UB92_HDR_DIAG_X_23.dat,AIM01.T_UB92_HDR_DIAG_X_23,30313871,3/4/2026 16:02
,AIM01.T_UB92_HDR_DIAG_X_24.dat,AIM01.T_UB92_HDR_DIAG_X_24,30390100,3/4/2026 16:02
,AIM01.T_UB92_HDR_DIAG_X_25.dat,AIM01.T_UB92_HDR_DIAG_X_25,30337956,3/4/2026 16:02
,AIM01.T_UB92_HDR_DIAG_X_26.dat,AIM01.T_UB92_HDR_DIAG_X_26,30305166,3/4/2026 16:02
,AIM01.T_UB92_HDR_DIAG_X_27.dat,AIM01.T_UB92_HDR_DIAG_X_27,30320448,3/4/2026 16:02
,AIM01.T_UB92_HDR_DIAG_X_28.dat,AIM01.T_UB92_HDR_DIAG_X_28,30348579,3/4/2026 16:02
,AIM01.T_UB92_HDR_DIAG_X_29.dat,AIM01.T_UB92_HDR_DIAG_X_29,30364224,3/4/2026 16:02
,AIM01.T_UB92_HDR_DIAG_X_2.dat,AIM01.T_UB92_HDR_DIAG_X_2,30356878,3/4/2026 16:02
,AIM01.T_UB92_HDR_DIAG_X_30.dat,AIM01.T_UB92_HDR_DIAG_X_30,30333579,3/4/2026 16:02
,AIM01.T_UB92_HDR_DIAG_X_31.dat,AIM01.T_UB92_HDR_DIAG_X_31,30278521,3/4/2026 16:02
,AIM01.T_UB92_HDR_DIAG_X_32.dat,AIM01.T_UB92_HDR_DIAG_X_32,30309818,3/4/2026 16:02
,AIM01.T_UB92_HDR_DIAG_X_33.dat,AIM01.T_UB92_HDR_DIAG_X_33,30310633,3/4/2026 16:02
,AIM01.T_UB92_HDR_DIAG_X_34.dat,AIM01.T_UB92_HDR_DIAG_X_34,30338697,3/4/2026 16:02
,AIM01.T_UB92_HDR_DIAG_X_35.dat,AIM01.T_UB92_HDR_DIAG_X_35,30318986,3/4/2026 16:02
,AIM01.T_UB92_HDR_DIAG_X_36.dat,AIM01.T_UB92_HDR_DIAG_X_36,30344737,3/4/2026 16:02
,AIM01.T_UB92_HDR_DIAG_X_37.dat,AIM01.T_UB92_HDR_DIAG_X_37,30337770,3/4/2026 16:02
,AIM01.T_UB92_HDR_DIAG_X_38.dat,AIM01.T_UB92_HDR_DIAG_X_38,30344848,3/4/2026 16:02
,AIM01.T_UB92_HDR_DIAG_X_39.dat,AIM01.T_UB92_HDR_DIAG_X_39,30310692,3/4/2026 16:02
,AIM01.T_UB92_HDR_DIAG_X_3.dat,AIM01.T_UB92_HDR_DIAG_X_3,30383865,3/4/2026 16:02
,AIM01.T_UB92_HDR_DIAG_X_40.dat,AIM01.T_UB92_HDR_DIAG_X_40,30281210,3/4/2026 16:02
,AIM01.T_UB92_HDR_DIAG_X_41.dat,AIM01.T_UB92_HDR_DIAG_X_41,30247628,3/4/2026 16:02
,AIM01.T_UB92_HDR_DIAG_X_42.dat,AIM01.T_UB92_HDR_DIAG_X_42,30315963,3/4/2026 16:02
,AIM01.T_UB92_HDR_DIAG_X_43.dat,AIM01.T_UB92_HDR_DIAG_X_43,30334886,3/4/2026 16:02
,AIM01.T_UB92_HDR_DIAG_X_44.dat,AIM01.T_UB92_HDR_DIAG_X_44,30311849,3/4/2026 16:02
,AIM01.T_UB92_HDR_DIAG_X_45.dat,AIM01.T_UB92_HDR_DIAG_X_45,30369212,3/4/2026 16:02
,AIM01.T_UB92_HDR_DIAG_X_46.dat,AIM01.T_UB92_HDR_DIAG_X_46,30306437,3/4/2026 16:02
,AIM01.T_UB92_HDR_DIAG_X_47.dat,AIM01.T_UB92_HDR_DIAG_X_47,30340201,3/4/2026 16:02
,AIM01.T_UB92_HDR_DIAG_X_48.dat,AIM01.T_UB92_HDR_DIAG_X_48,30317960,3/4/2026 16:02
,AIM01.T_UB92_HDR_DIAG_X_49.dat,AIM01.T_UB92_HDR_DIAG_X_49,30297554,3/4/2026 16:02
,AIM01.T_UB92_HDR_DIAG_X_4.dat,AIM01.T_UB92_HDR_DIAG_X_4,30312530,3/4/2026 16:02
,AIM01.T_UB92_HDR_DIAG_X_50.dat,AIM01.T_UB92_HDR_DIAG_X_50,30375931,3/4/2026 16:02
,AIM01.T_UB92_HDR_DIAG_X_51.dat,AIM01.T_UB92_HDR_DIAG_X_51,30354268,3/4/2026 16:02
,AIM01.T_UB92_HDR_DIAG_X_52.dat,AIM01.T_UB92_HDR_DIAG_X_52,30284961,3/4/2026 16:02
,AIM01.T_UB92_HDR_DIAG_X_53.dat,AIM01.T_UB92_HDR_DIAG_X_53,30305020,3/4/2026 16:02
,AIM01.T_UB92_HDR_DIAG_X_54.dat,AIM01.T_UB92_HDR_DIAG_X_54,30370035,3/4/2026 16:02
,AIM01.T_UB92_HDR_DIAG_X_55.dat,AIM01.T_UB92_HDR_DIAG_X_55,30370518,3/4/2026 16:02
,AIM01.T_UB92_HDR_DIAG_X_56.dat,AIM01.T_UB92_HDR_DIAG_X_56,30332853,3/4/2026 16:02
,AIM01.T_UB92_HDR_DIAG_X_57.dat,AIM01.T_UB92_HDR_DIAG_X_57,30344998,3/4/2026 16:02
,AIM01.T_UB92_HDR_DIAG_X_58.dat,AIM01.T_UB92_HDR_DIAG_X_58,30322614,3/4/2026 16:02
,AIM01.T_UB92_HDR_DIAG_X_59.dat,AIM01.T_UB92_HDR_DIAG_X_59,30323712,3/4/2026 16:02
,AIM01.T_UB92_HDR_DIAG_X_5.dat,AIM01.T_UB92_HDR_DIAG_X_5,30338762,3/4/2026 16:02
,AIM01.T_UB92_HDR_DIAG_X_60.dat,AIM01.T_UB92_HDR_DIAG_X_60,30318776,3/4/2026 16:02
,AIM01.T_UB92_HDR_DIAG_X_61.dat,AIM01.T_UB92_HDR_DIAG_X_61,30352463,3/4/2026 16:02
,AIM01.T_UB92_HDR_DIAG_X_62.dat,AIM01.T_UB92_HDR_DIAG_X_62,30348020,3/4/2026 16:02
,AIM01.T_UB92_HDR_DIAG_X_63.dat,AIM01.T_UB92_HDR_DIAG_X_63,30275635,3/4/2026 16:02
,AIM01.T_UB92_HDR_DIAG_X_64.dat,AIM01.T_UB92_HDR_DIAG_X_64,30338992,3/4/2026 16:02
,AIM01.T_UB92_HDR_DIAG_X_65.dat,AIM01.T_UB92_HDR_DIAG_X_65,30377357,3/4/2026 16:02
,AIM01.T_UB92_HDR_DIAG_X_66.dat,AIM01.T_UB92_HDR_DIAG_X_66,30299696,3/4/2026 16:02
,AIM01.T_UB92_HDR_DIAG_X_67.dat,AIM01.T_UB92_HDR_DIAG_X_67,30240364,3/4/2026 16:02
,AIM01.T_UB92_HDR_DIAG_X_68.dat,AIM01.T_UB92_HDR_DIAG_X_68,30357264,3/4/2026 16:02
,AIM01.T_UB92_HDR_DIAG_X_69.dat,AIM01.T_UB92_HDR_DIAG_X_69,30354151,3/4/2026 16:02
,AIM01.T_UB92_HDR_DIAG_X_6.dat,AIM01.T_UB92_HDR_DIAG_X_6,30354476,3/4/2026 16:02
,AIM01.T_UB92_HDR_DIAG_X_70.dat,AIM01.T_UB92_HDR_DIAG_X_70,30356815,3/4/2026 16:02
,AIM01.T_UB92_HDR_DIAG_X_71.dat,AIM01.T_UB92_HDR_DIAG_X_71,30303082,3/4/2026 16:02
,AIM01.T_UB92_HDR_DIAG_X_72.dat,AIM01.T_UB92_HDR_DIAG_X_72,30356445,3/4/2026 16:02
,AIM01.T_UB92_HDR_DIAG_X_73.dat,AIM01.T_UB92_HDR_DIAG_X_73,30310175,3/4/2026 16:02
,AIM01.T_UB92_HDR_DIAG_X_74.dat,AIM01.T_UB92_HDR_DIAG_X_74,30356187,3/4/2026 16:02
,AIM01.T_UB92_HDR_DIAG_X_75.dat,AIM01.T_UB92_HDR_DIAG_X_75,30344743,3/4/2026 16:02
,AIM01.T_UB92_HDR_DIAG_X_76.dat,AIM01.T_UB92_HDR_DIAG_X_76,30319318,3/4/2026 16:02
,AIM01.T_UB92_HDR_DIAG_X_77.dat,AIM01.T_UB92_HDR_DIAG_X_77,30310306,3/4/2026 16:02
,AIM01.T_UB92_HDR_DIAG_X_78.dat,AIM01.T_UB92_HDR_DIAG_X_78,30351632,3/4/2026 16:02
,AIM01.T_UB92_HDR_DIAG_X_79.dat,AIM01.T_UB92_HDR_DIAG_X_79,30301197,3/4/2026 16:02
,AIM01.T_UB92_HDR_DIAG_X_7.dat,AIM01.T_UB92_HDR_DIAG_X_7,30385103,3/4/2026 16:02
,AIM01.T_UB92_HDR_DIAG_X_80.dat,AIM01.T_UB92_HDR_DIAG_X_80,30294369,3/4/2026 16:02
,AIM01.T_UB92_HDR_DIAG_X_81.dat,AIM01.T_UB92_HDR_DIAG_X_81,30343929,3/4/2026 16:02
,AIM01.T_UB92_HDR_DIAG_X_82.dat,AIM01.T_UB92_HDR_DIAG_X_82,30292674,3/4/2026 16:02
,AIM01.T_UB92_HDR_DIAG_X_83.dat,AIM01.T_UB92_HDR_DIAG_X_83,30355430,3/4/2026 16:02
,AIM01.T_UB92_HDR_DIAG_X_84.dat,AIM01.T_UB92_HDR_DIAG_X_84,30323806,3/4/2026 16:02
,AIM01.T_UB92_HDR_DIAG_X_85.dat,AIM01.T_UB92_HDR_DIAG_X_85,30322584,3/4/2026 16:02
,AIM01.T_UB92_HDR_DIAG_X_86.dat,AIM01.T_UB92_HDR_DIAG_X_86,30319547,3/4/2026 16:02
,AIM01.T_UB92_HDR_DIAG_X_87.dat,AIM01.T_UB92_HDR_DIAG_X_87,30336709,3/4/2026 16:02
,AIM01.T_UB92_HDR_DIAG_X_88.dat,AIM01.T_UB92_HDR_DIAG_X_88,30365991,3/4/2026 16:02
,AIM01.T_UB92_HDR_DIAG_X_89.dat,AIM01.T_UB92_HDR_DIAG_X_89,30320103,3/4/2026 16:02
,AIM01.T_UB92_HDR_DIAG_X_8.dat,AIM01.T_UB92_HDR_DIAG_X_8,30356340,3/4/2026 16:02
,AIM01.T_UB92_HDR_DIAG_X_90.dat,AIM01.T_UB92_HDR_DIAG_X_90,30369300,3/4/2026 16:02
,AIM01.T_UB92_HDR_DIAG_X_91.dat,AIM01.T_UB92_HDR_DIAG_X_91,30371301,3/4/2026 16:02
,AIM01.T_UB92_HDR_DIAG_X_92.dat,AIM01.T_UB92_HDR_DIAG_X_92,30324720,3/4/2026 16:02
,AIM01.T_UB92_HDR_DIAG_X_93.dat,AIM01.T_UB92_HDR_DIAG_X_93,30311420,3/4/2026 16:02
,AIM01.T_UB92_HDR_DIAG_X_94.dat,AIM01.T_UB92_HDR_DIAG_X_94,30312962,3/4/2026 16:02
,AIM01.T_UB92_HDR_DIAG_X_95.dat,AIM01.T_UB92_HDR_DIAG_X_95,30359172,3/4/2026 16:02
,AIM01.T_UB92_HDR_DIAG_X_96.dat,AIM01.T_UB92_HDR_DIAG_X_96,30341165,3/4/2026 16:02
,AIM01.T_UB92_HDR_DIAG_X_97.dat,AIM01.T_UB92_HDR_DIAG_X_97,30297218,3/4/2026 16:02
,AIM01.T_UB92_HDR_DIAG_X_98.dat,AIM01.T_UB92_HDR_DIAG_X_98,30350178,3/4/2026 16:02
,AIM01.T_UB92_HDR_DIAG_X_99.dat,AIM01.T_UB92_HDR_DIAG_X_99,30325947,3/4/2026 16:02
,AIM01.T_UB92_HDR_DIAG_X_9.dat,AIM01.T_UB92_HDR_DIAG_X_9,30378613,3/4/2026 16:02
,AIM01.T_UB92_HDR_OCC_0.dat,AIM01.T_UB92_HDR_OCC_0,29944608,3/4/2026 16:02
,AIM01.T_UB92_HDR_OCC_10.dat,AIM01.T_UB92_HDR_OCC_10,29949118,3/4/2026 16:02
,AIM01.T_UB92_HDR_OCC_1.dat,AIM01.T_UB92_HDR_OCC_1,29905769,3/4/2026 16:02
,AIM01.T_UB92_HDR_OCC_2.dat,AIM01.T_UB92_HDR_OCC_2,29855071,3/4/2026 16:02
,AIM01.T_UB92_HDR_OCC_3.dat,AIM01.T_UB92_HDR_OCC_3,29991883,3/4/2026 16:02
,AIM01.T_UB92_HDR_OCC_4.dat,AIM01.T_UB92_HDR_OCC_4,29896236,3/4/2026 16:02
,AIM01.T_UB92_HDR_OCC_5.dat,AIM01.T_UB92_HDR_OCC_5,29938828,3/4/2026 16:02
,AIM01.T_UB92_HDR_OCC_6.dat,AIM01.T_UB92_HDR_OCC_6,29986591,3/4/2026 16:02
,AIM01.T_UB92_HDR_OCC_7.dat,AIM01.T_UB92_HDR_OCC_7,29919752,3/4/2026 16:02
,AIM01.T_UB92_HDR_OCC_8.dat,AIM01.T_UB92_HDR_OCC_8,29973376,3/4/2026 16:02
,AIM01.T_UB92_HDR_OCC_9.dat,AIM01.T_UB92_HDR_OCC_9,29945790,3/4/2026 16:02
,AIM01.T_UB92_HDR_VALUE_0.dat,AIM01.T_UB92_HDR_VALUE_0,17549994,3/4/2026 16:02
,AIM01.T_UB92_HDR_VALUE_1.dat,AIM01.T_UB92_HDR_VALUE_1,17541846,3/4/2026 16:02
,AIM01.T_UB92_HDR_VALUE_2.dat,AIM01.T_UB92_HDR_VALUE_2,17553771,3/4/2026 16:02
,AIM01.T_UB92_HDR_VALUE_3.dat,AIM01.T_UB92_HDR_VALUE_3,17557994,3/4/2026 16:02
,AIM01.T_UB92_HDR_VALUE_4.dat,AIM01.T_UB92_HDR_VALUE_4,17534243,3/4/2026 16:02
,AIM.T_RE_CASE_XREF_0.dat,AIM.T_RE_CASE_XREF_0,33238479,3/4/2026 16:02
,AIM.T_RE_CASE_XREF_1.dat,AIM.T_RE_CASE_XREF_1,33161846,3/4/2026 16:02
,AIM.T_RE_CASE_XREF_2.dat,AIM.T_RE_CASE_XREF_2,33189337,3/4/2026 16:02
,AIM.T_RE_CASE_XREF_3.dat,AIM.T_RE_CASE_XREF_3,33092431,3/4/2026 16:02
,AIM.T_RE_CASE_XREF_4.dat,AIM.T_RE_CASE_XREF_4,33112082,3/4/2026 16:02
,AIM.T_RE_CASE_XREF_5.dat,AIM.T_RE_CASE_XREF_5,33155854,3/4/2026 16:02
,AIM.T_RE_CASE_XREF_6.dat,AIM.T_RE_CASE_XREF_6,33171207,3/4/2026 16:02
,AIM.T_RE_CASE_XREF_7.dat,AIM.T_RE_CASE_XREF_7,33116476,3/4/2026 16:02
,AIM.T_RE_ELIG_0.dat,AIM.T_RE_ELIG_0,39999145,3/4/2026 16:02
,AIM.T_RE_ELIG_10.dat,AIM.T_RE_ELIG_10,39944424,3/4/2026 16:02
,AIM.T_RE_ELIG_11.dat,AIM.T_RE_ELIG_11,40007962,3/4/2026 16:02
,AIM.T_RE_ELIG_12.dat,AIM.T_RE_ELIG_12,39932954,3/4/2026 16:02
,AIM.T_RE_ELIG_13.dat,AIM.T_RE_ELIG_13,39963451,3/4/2026 16:02
,AIM.T_RE_ELIG_14.dat,AIM.T_RE_ELIG_14,39950092,3/4/2026 16:02
,AIM.T_RE_ELIG_15.dat,AIM.T_RE_ELIG_15,39964866,3/4/2026 16:02
,AIM.T_RE_ELIG_16.dat,AIM.T_RE_ELIG_16,39973101,3/4/2026 16:02
,AIM.T_RE_ELIG_17.dat,AIM.T_RE_ELIG_17,39924922,3/4/2026 16:02
,AIM.T_RE_ELIG_18.dat,AIM.T_RE_ELIG_18,39947928,3/4/2026 16:02
,AIM.T_RE_ELIG_19.dat,AIM.T_RE_ELIG_19,39859731,3/4/2026 16:02
,AIM.T_RE_ELIG_1.dat,AIM.T_RE_ELIG_1,39885630,3/4/2026 16:02
,AIM.T_RE_ELIG_20.dat,AIM.T_RE_ELIG_20,39980605,3/4/2026 16:02
,AIM.T_RE_ELIG_21.dat,AIM.T_RE_ELIG_21,39953283,3/4/2026 16:02
,AIM.T_RE_ELIG_22.dat,AIM.T_RE_ELIG_22,39911973,3/4/2026 16:02
,AIM.T_RE_ELIG_23.dat,AIM.T_RE_ELIG_23,39965575,3/4/2026 16:02
,AIM.T_RE_ELIG_24.dat,AIM.T_RE_ELIG_24,39958315,3/4/2026 16:02
,AIM.T_RE_ELIG_25.dat,AIM.T_RE_ELIG_25,39954515,3/4/2026 16:03
,AIM.T_RE_ELIG_26.dat,AIM.T_RE_ELIG_26,39971807,3/4/2026 16:03
,AIM.T_RE_ELIG_27.dat,AIM.T_RE_ELIG_27,39974681,3/4/2026 16:03
,AIM.T_RE_ELIG_28.dat,AIM.T_RE_ELIG_28,39937795,3/4/2026 16:03
,AIM.T_RE_ELIG_29.dat,AIM.T_RE_ELIG_29,40016733,3/4/2026 16:03
,AIM.T_RE_ELIG_2.dat,AIM.T_RE_ELIG_2,39968840,3/4/2026 16:03
,AIM.T_RE_ELIG_30.dat,AIM.T_RE_ELIG_30,39944955,3/4/2026 16:03
,AIM.T_RE_ELIG_31.dat,AIM.T_RE_ELIG_31,39837680,3/4/2026 16:03
,AIM.T_RE_ELIG_32.dat,AIM.T_RE_ELIG_32,39979687,3/4/2026 16:03
,AIM.T_RE_ELIG_33.dat,AIM.T_RE_ELIG_33,39984366,3/4/2026 16:03
,AIM.T_RE_ELIG_34.dat,AIM.T_RE_ELIG_34,39924179,3/4/2026 16:03
,AIM.T_RE_ELIG_35.dat,AIM.T_RE_ELIG_35,39953505,3/4/2026 16:03
,AIM.T_RE_ELIG_36.dat,AIM.T_RE_ELIG_36,39953339,3/4/2026 16:03
,AIM.T_RE_ELIG_37.dat,AIM.T_RE_ELIG_37,39963312,3/4/2026 16:03
,AIM.T_RE_ELIG_38.dat,AIM.T_RE_ELIG_38,39913706,3/4/2026 16:03
,AIM.T_RE_ELIG_39.dat,AIM.T_RE_ELIG_39,39924003,3/4/2026 16:03
,AIM.T_RE_ELIG_3.dat,AIM.T_RE_ELIG_3,39891649,3/4/2026 16:03
,AIM.T_RE_ELIG_40.dat,AIM.T_RE_ELIG_40,39885455,3/4/2026 16:03
,AIM.T_RE_ELIG_41.dat,AIM.T_RE_ELIG_41,39990598,3/4/2026 16:03
,AIM.T_RE_ELIG_42.dat,AIM.T_RE_ELIG_42,39925807,3/4/2026 16:03
,AIM.T_RE_ELIG_43.dat,AIM.T_RE_ELIG_43,39968245,3/4/2026 16:03
,AIM.T_RE_ELIG_44.dat,AIM.T_RE_ELIG_44,40023363,3/4/2026 16:03
,AIM.T_RE_ELIG_45.dat,AIM.T_RE_ELIG_45,39929986,3/4/2026 16:03
,AIM.T_RE_ELIG_46.dat,AIM.T_RE_ELIG_46,39910327,3/4/2026 16:03
,AIM.T_RE_ELIG_47.dat,AIM.T_RE_ELIG_47,39902871,3/4/2026 16:03
,AIM.T_RE_ELIG_48.dat,AIM.T_RE_ELIG_48,39878230,3/4/2026 16:03
,AIM.T_RE_ELIG_49.dat,AIM.T_RE_ELIG_49,39930991,3/4/2026 16:03
,AIM.T_RE_ELIG_4.dat,AIM.T_RE_ELIG_4,39940176,3/4/2026 16:03
,AIM.T_RE_ELIG_50.dat,AIM.T_RE_ELIG_50,39916721,3/4/2026 16:03
,AIM.T_RE_ELIG_51.dat,AIM.T_RE_ELIG_51,39959791,3/4/2026 16:03
,AIM.T_RE_ELIG_52.dat,AIM.T_RE_ELIG_52,39942780,3/4/2026 16:03
,AIM.T_RE_ELIG_53.dat,AIM.T_RE_ELIG_53,39911648,3/4/2026 16:03
,AIM.T_RE_ELIG_54.dat,AIM.T_RE_ELIG_54,39926789,3/4/2026 16:03
,AIM.T_RE_ELIG_55.dat,AIM.T_RE_ELIG_55,39912716,3/4/2026 16:03
,AIM.T_RE_ELIG_56.dat,AIM.T_RE_ELIG_56,39948220,3/4/2026 16:03
,AIM.T_RE_ELIG_5.dat,AIM.T_RE_ELIG_5,39986868,3/4/2026 16:03
,AIM.T_RE_ELIG_6.dat,AIM.T_RE_ELIG_6,39953515,3/4/2026 16:03
,AIM.T_RE_ELIG_7.dat,AIM.T_RE_ELIG_7,40004785,3/4/2026 16:03
,AIM.T_RE_ELIG_8.dat,AIM.T_RE_ELIG_8,39945356,3/4/2026 16:03
,AIM.T_RE_ELIG_9.dat,AIM.T_RE_ELIG_9,39958649,3/4/2026 16:03
,AIM.T_RE_ELIG_STOP_0.dat,AIM.T_RE_ELIG_STOP_0,427,3/4/2026 16:03
,AIM.T_RE_LIV_ARNG_0.dat,AIM.T_RE_LIV_ARNG_0,789,3/4/2026 16:03
,AIM.T_RE_MEDICARE_A_0.dat,AIM.T_RE_MEDICARE_A_0,18113798,3/4/2026 16:03
,AIM.T_RE_MEDICARE_B_0.dat,AIM.T_RE_MEDICARE_B_0,20550067,3/4/2026 16:03
,AIM.T_RE_PAT_LIAB_0.dat,AIM.T_RE_PAT_LIAB_0,33830707,3/4/2026 16:03
,AIM.T_RE_PAT_LIAB_1.dat,AIM.T_RE_PAT_LIAB_1,33836475,3/4/2026 16:03
,AIM.T_REVENUE_CODE_0.dat,AIM.T_REVENUE_CODE_0,13775,3/4/2026 16:03
,AIM.T_REV_GROUP_0.dat,AIM.T_REV_GROUP_0,29135,3/4/2026 16:03
,AIM.T_REV_TYPE_0.dat,AIM.T_REV_TYPE_0,4053,3/4/2026 16:03
,AIM.T_THERAPEUTIC_GROUP_0.dat,AIM.T_THERAPEUTIC_GROUP_0,833,3/4/2026 16:03
,AIM.T_THERAPEUTIC_TYPE_0.dat,AIM.T_THERAPEUTIC_TYPE_0,498,3/4/2026 16:03
,AIM.T_TPL_COV_PLAN_XREF_0.dat,AIM.T_TPL_COV_PLAN_XREF_0,366,3/4/2026 16:03
,report.csv,report,11454,3/4/2026 17:13
,AIM01.T_UB92_DTL_EXT_KEY_39.gz,AIM01.T_UB92_DTL_EXT_KEY_3,12677917,3/4/2026 16:31
,AIM01.T_UB92_DTL_EXT_KEY_3.gz,AIM01.T_UB92_DTL_EXT_KEY_,12684941,3/4/2026 16:31
,AIM01.T_UB92_DTL_EXT_KEY_40.gz,AIM01.T_UB92_DTL_EXT_KEY_4,12662076,3/4/2026 16:32
,AIM01.T_UB92_DTL_EXT_KEY_41.gz,AIM01.T_UB92_DTL_EXT_KEY_4,12658986,3/4/2026 16:32
,AIM01.T_UB92_DTL_EXT_KEY_42.gz,AIM01.T_UB92_DTL_EXT_KEY_4,12682762,3/4/2026 16:32
,AIM01.T_UB92_DTL_EXT_KEY_43.gz,AIM01.T_UB92_DTL_EXT_KEY_4,12674352,3/4/2026 16:32
,AIM01.T_UB92_DTL_EXT_KEY_44.gz,AIM01.T_UB92_DTL_EXT_KEY_4,12662124,3/4/2026 16:32
,AIM01.T_UB92_DTL_EXT_KEY_45.gz,AIM01.T_UB92_DTL_EXT_KEY_4,12673616,3/4/2026 16:32
,AIM01.T_UB92_DTL_EXT_KEY_46.gz,AIM01.T_UB92_DTL_EXT_KEY_4,12645130,3/4/2026 16:32
,AIM01.T_UB92_DTL_EXT_KEY_47.gz,AIM01.T_UB92_DTL_EXT_KEY_4,12658770,3/4/2026 16:32
,AIM01.T_UB92_DTL_EXT_KEY_48.gz,AIM01.T_UB92_DTL_EXT_KEY_4,12662935,3/4/2026 16:32
,AIM01.T_UB92_DTL_EXT_KEY_49.gz,AIM01.T_UB92_DTL_EXT_KEY_4,12642377,3/4/2026 16:32
,AIM01.T_UB92_DTL_EXT_KEY_4.gz,AIM01.T_UB92_DTL_EXT_KEY_,12675649,3/4/2026 16:32
,AIM01.T_UB92_DTL_EXT_KEY_50.gz,AIM01.T_UB92_DTL_EXT_KEY_5,12643905,3/4/2026 16:32
,AIM01.T_UB92_DTL_EXT_KEY_51.gz,AIM01.T_UB92_DTL_EXT_KEY_5,12634367,3/4/2026 16:32
,AIM01.T_UB92_DTL_EXT_KEY_52.gz,AIM01.T_UB92_DTL_EXT_KEY_5,12671137,3/4/2026 16:32
,AIM01.T_UB92_DTL_EXT_KEY_53.gz,AIM01.T_UB92_DTL_EXT_KEY_5,12649492,3/4/2026 16:32
,AIM01.T_UB92_DTL_EXT_KEY_54.gz,AIM01.T_UB92_DTL_EXT_KEY_5,12642374,3/4/2026 16:32
,AIM01.T_UB92_DTL_EXT_KEY_55.gz,AIM01.T_UB92_DTL_EXT_KEY_5,12644944,3/4/2026 16:32
,AIM01.T_UB92_DTL_EXT_KEY_56.gz,AIM01.T_UB92_DTL_EXT_KEY_5,12658117,3/4/2026 16:32
,AIM01.T_UB92_DTL_EXT_KEY_57.gz,AIM01.T_UB92_DTL_EXT_KEY_5,12659590,3/4/2026 16:32
,AIM01.T_UB92_DTL_EXT_KEY_58.gz,AIM01.T_UB92_DTL_EXT_KEY_5,12662541,3/4/2026 16:32
,AIM01.T_UB92_DTL_EXT_KEY_59.gz,AIM01.T_UB92_DTL_EXT_KEY_5,12664828,3/4/2026 16:32
,AIM01.T_UB92_DTL_EXT_KEY_5.gz,AIM01.T_UB92_DTL_EXT_KEY_,12655328,3/4/2026 16:32
,AIM01.T_UB92_DTL_EXT_KEY_60.gz,AIM01.T_UB92_DTL_EXT_KEY_6,12653549,3/4/2026 16:32
,AIM01.T_UB92_DTL_EXT_KEY_61.gz,AIM01.T_UB92_DTL_EXT_KEY_6,12665380,3/4/2026 16:32
,AIM01.T_UB92_DTL_EXT_KEY_62.gz,AIM01.T_UB92_DTL_EXT_KEY_6,12651330,3/4/2026 16:32
,AIM01.T_UB92_DTL_EXT_KEY_63.gz,AIM01.T_UB92_DTL_EXT_KEY_6,12666541,3/4/2026 16:32
,AIM01.T_UB92_DTL_EXT_KEY_64.gz,AIM01.T_UB92_DTL_EXT_KEY_6,12653822,3/4/2026 16:33
,AIM01.T_UB92_DTL_EXT_KEY_65.gz,AIM01.T_UB92_DTL_EXT_KEY_6,12640567,3/4/2026 16:33
,AIM01.T_UB92_DTL_EXT_KEY_66.gz,AIM01.T_UB92_DTL_EXT_KEY_6,12658275,3/4/2026 16:33
,AIM01.T_UB92_DTL_EXT_KEY_67.gz,AIM01.T_UB92_DTL_EXT_KEY_6,12686130,3/4/2026 16:33
,AIM01.T_UB92_DTL_EXT_KEY_68.gz,AIM01.T_UB92_DTL_EXT_KEY_6,12658919,3/4/2026 16:33
,AIM01.T_UB92_DTL_EXT_KEY_69.gz,AIM01.T_UB92_DTL_EXT_KEY_6,12669715,3/4/2026 16:33
,AIM01.T_UB92_DTL_EXT_KEY_6.gz,AIM01.T_UB92_DTL_EXT_KEY_,12669937,3/4/2026 16:33
,AIM01.T_UB92_DTL_EXT_KEY_70.gz,AIM01.T_UB92_DTL_EXT_KEY_7,12645846,3/4/2026 16:33
,AIM01.T_UB92_DTL_EXT_KEY_71.gz,AIM01.T_UB92_DTL_EXT_KEY_7,12641400,3/4/2026 16:33
,AIM01.T_UB92_DTL_EXT_KEY_72.gz,AIM01.T_UB92_DTL_EXT_KEY_7,12646190,3/4/2026 16:33
,AIM01.T_UB92_DTL_EXT_KEY_73.gz,AIM01.T_UB92_DTL_EXT_KEY_7,12662480,3/4/2026 16:33
,AIM01.T_UB92_DTL_EXT_KEY_74.gz,AIM01.T_UB92_DTL_EXT_KEY_7,12649502,3/4/2026 16:33
,AIM01.T_UB92_DTL_EXT_KEY_75.gz,AIM01.T_UB92_DTL_EXT_KEY_7,12646537,3/4/2026 16:33
,AIM01.T_UB92_DTL_EXT_KEY_76.gz,AIM01.T_UB92_DTL_EXT_KEY_7,12650524,3/4/2026 16:33
,AIM01.T_UB92_DTL_EXT_KEY_77.gz,AIM01.T_UB92_DTL_EXT_KEY_7,12648439,3/4/2026 16:33
,AIM01.T_UB92_DTL_EXT_KEY_78.gz,AIM01.T_UB92_DTL_EXT_KEY_7,12658959,3/4/2026 16:33
,AIM01.T_UB92_DTL_EXT_KEY_79.gz,AIM01.T_UB92_DTL_EXT_KEY_7,12649256,3/4/2026 16:33
,AIM01.T_UB92_DTL_EXT_KEY_7.gz,AIM01.T_UB92_DTL_EXT_KEY_,12660880,3/4/2026 16:33
,AIM01.T_UB92_DTL_EXT_KEY_80.gz,AIM01.T_UB92_DTL_EXT_KEY_8,12669889,3/4/2026 16:33
,AIM01.T_UB92_DTL_EXT_KEY_81.gz,AIM01.T_UB92_DTL_EXT_KEY_8,12645270,3/4/2026 16:33
,AIM01.T_UB92_DTL_EXT_KEY_82.gz,AIM01.T_UB92_DTL_EXT_KEY_8,12640855,3/4/2026 16:33
,AIM01.T_UB92_DTL_EXT_KEY_83.gz,AIM01.T_UB92_DTL_EXT_KEY_8,12653323,3/4/2026 16:33
,AIM01.T_UB92_DTL_EXT_KEY_84.gz,AIM01.T_UB92_DTL_EXT_KEY_8,12671173,3/4/2026 16:33
,AIM01.T_UB92_DTL_EXT_KEY_85.gz,AIM01.T_UB92_DTL_EXT_KEY_8,12668678,3/4/2026 16:33
,AIM01.T_UB92_DTL_EXT_KEY_86.gz,AIM01.T_UB92_DTL_EXT_KEY_8,12633519,3/4/2026 16:33
,AIM01.T_UB92_DTL_EXT_KEY_87.gz,AIM01.T_UB92_DTL_EXT_KEY_8,12657117,3/4/2026 16:33
,AIM.T_RE_ELIG_9.gz,AIM.T_RE_ELIG_,8696115,3/4/2026 16:40
,AIM.T_RE_ELIG_8.gz,AIM.T_RE_ELIG_,8694940,3/4/2026 16:40
,AIM.T_RE_ELIG_7.gz,AIM.T_RE_ELIG_,8711482,3/4/2026 16:40
,AIM.T_RE_ELIG_6.gz,AIM.T_RE_ELIG_,8696190,3/4/2026 16:40
,AIM.T_RE_ELIG_5.gz,AIM.T_RE_ELIG_,8708906,3/4/2026 16:40
,AIM.T_RE_ELIG_56.gz,AIM.T_RE_ELIG_5,8695629,3/4/2026 16:40
,AIM.T_RE_ELIG_55.gz,AIM.T_RE_ELIG_5,8687959,3/4/2026 16:40
,AIM.T_RE_ELIG_54.gz,AIM.T_RE_ELIG_5,8698890,3/4/2026 16:40
,AIM00.T_UB92_DTL_EXT_KEY_0.gz,AIM00.T_UB92_DTL_EXT_KEY_,2562499,3/4/2026 16:30
,AIM00.T_UB92_DTL_EXT_KEY_1.gz,AIM00.T_UB92_DTL_EXT_KEY_,2561277,3/4/2026 16:30
,AIM00.T_UB92_HDR_COND_X_0.gz,AIM00.T_UB92_HDR_COND_X_,25222,3/4/2026 16:30
,AIM00.T_UB92_HDR_DIAG_X_0.gz,AIM00.T_UB92_HDR_DIAG_X_,2759837,3/4/2026 16:30
,AIM00.T_UB92_HDR_DIAG_X_1.gz,AIM00.T_UB92_HDR_DIAG_X_,2744003,3/4/2026 16:30
,AIM00.T_UB92_HDR_INP_0.gz,AIM00.T_UB92_HDR_INP_,59349,3/4/2026 16:30
,AIM00.T_UB92_HDR_OCC_0.gz,AIM00.T_UB92_HDR_OCC_,338090,3/4/2026 16:30
,AIM00.T_UB92_HDR_VALUE_0.gz,AIM00.T_UB92_HDR_VALUE_,126691,3/4/2026 16:30
,AIM01.T_UB92_DTL_EXT_KEY_0.gz,AIM01.T_UB92_DTL_EXT_KEY_,12685867,3/4/2026 16:30
,AIM01.T_UB92_DTL_EXT_KEY_10.gz,AIM01.T_UB92_DTL_EXT_KEY_1,12663097,3/4/2026 16:30
,AIM01.T_UB92_DTL_EXT_KEY_11.gz,AIM01.T_UB92_DTL_EXT_KEY_1,12671341,3/4/2026 16:30
,AIM01.T_UB92_DTL_EXT_KEY_12.gz,AIM01.T_UB92_DTL_EXT_KEY_1,12658707,3/4/2026 16:30
,AIM01.T_UB92_DTL_EXT_KEY_13.gz,AIM01.T_UB92_DTL_EXT_KEY_1,12651452,3/4/2026 16:30
,AIM01.T_UB92_DTL_EXT_KEY_14.gz,AIM01.T_UB92_DTL_EXT_KEY_1,12664940,3/4/2026 16:30
,AIM01.T_UB92_DTL_EXT_KEY_15.gz,AIM01.T_UB92_DTL_EXT_KEY_1,12655503,3/4/2026 16:30
,AIM01.T_UB92_DTL_EXT_KEY_16.gz,AIM01.T_UB92_DTL_EXT_KEY_1,12641447,3/4/2026 16:30
,AIM01.T_UB92_DTL_EXT_KEY_17.gz,AIM01.T_UB92_DTL_EXT_KEY_1,12665574,3/4/2026 16:31
,AIM01.T_UB92_DTL_EXT_KEY_18.gz,AIM01.T_UB92_DTL_EXT_KEY_1,12663708,3/4/2026 16:31
,AIM01.T_UB92_DTL_EXT_KEY_19.gz,AIM01.T_UB92_DTL_EXT_KEY_1,12660311,3/4/2026 16:31
,AIM01.T_UB92_DTL_EXT_KEY_1.gz,AIM01.T_UB92_DTL_EXT_KEY_,12677392,3/4/2026 16:31
,AIM01.T_UB92_DTL_EXT_KEY_20.gz,AIM01.T_UB92_DTL_EXT_KEY_2,12670022,3/4/2026 16:31
,AIM01.T_UB92_DTL_EXT_KEY_21.gz,AIM01.T_UB92_DTL_EXT_KEY_2,12659021,3/4/2026 16:31
,AIM01.T_UB92_DTL_EXT_KEY_22.gz,AIM01.T_UB92_DTL_EXT_KEY_2,12646847,3/4/2026 16:31
,AIM01.T_UB92_DTL_EXT_KEY_23.gz,AIM01.T_UB92_DTL_EXT_KEY_2,12660912,3/4/2026 16:31
,AIM01.T_UB92_DTL_EXT_KEY_24.gz,AIM01.T_UB92_DTL_EXT_KEY_2,12638888,3/4/2026 16:31
,AIM01.T_UB92_DTL_EXT_KEY_25.gz,AIM01.T_UB92_DTL_EXT_KEY_2,12671287,3/4/2026 16:31
,AIM01.T_UB92_DTL_EXT_KEY_26.gz,AIM01.T_UB92_DTL_EXT_KEY_2,12665177,3/4/2026 16:31
,AIM01.T_UB92_DTL_EXT_KEY_27.gz,AIM01.T_UB92_DTL_EXT_KEY_2,12665915,3/4/2026 16:31
,AIM01.T_UB92_DTL_EXT_KEY_28.gz,AIM01.T_UB92_DTL_EXT_KEY_2,12663051,3/4/2026 16:31
,AIM01.T_UB92_DTL_EXT_KEY_29.gz,AIM01.T_UB92_DTL_EXT_KEY_2,12645065,3/4/2026 16:31
,AIM01.T_UB92_DTL_EXT_KEY_2.gz,AIM01.T_UB92_DTL_EXT_KEY_,12671131,3/4/2026 16:31
,AIM01.T_UB92_DTL_EXT_KEY_30.gz,AIM01.T_UB92_DTL_EXT_KEY_3,12670026,3/4/2026 16:31
,AIM01.T_UB92_DTL_EXT_KEY_31.gz,AIM01.T_UB92_DTL_EXT_KEY_3,12663566,3/4/2026 16:31
,AIM01.T_UB92_DTL_EXT_KEY_32.gz,AIM01.T_UB92_DTL_EXT_KEY_3,12640326,3/4/2026 16:31
,AIM01.T_UB92_DTL_EXT_KEY_33.gz,AIM01.T_UB92_DTL_EXT_KEY_3,12650095,3/4/2026 16:31
,AIM01.T_UB92_DTL_EXT_KEY_34.gz,AIM01.T_UB92_DTL_EXT_KEY_3,12631385,3/4/2026 16:31
,AIM01.T_UB92_DTL_EXT_KEY_35.gz,AIM01.T_UB92_DTL_EXT_KEY_3,12652541,3/4/2026 16:31
,AIM01.T_UB92_DTL_EXT_KEY_36.gz,AIM01.T_UB92_DTL_EXT_KEY_3,12659537,3/4/2026 16:31
,AIM01.T_UB92_DTL_EXT_KEY_37.gz,AIM01.T_UB92_DTL_EXT_KEY_3,12666879,3/4/2026 16:31
,AIM01.T_UB92_DTL_EXT_KEY_38.gz,AIM01.T_UB92_DTL_EXT_KEY_3,12668193,3/4/2026 16:31
,AIM01.T_UB92_DTL_EXT_KEY_88.gz,AIM01.T_UB92_DTL_EXT_KEY_8,12678325,3/4/2026 16:33
,AIM01.T_UB92_DTL_EXT_KEY_89.gz,AIM01.T_UB92_DTL_EXT_KEY_8,12677490,3/4/2026 16:34
,AIM01.T_UB92_DTL_EXT_KEY_8.gz,AIM01.T_UB92_DTL_EXT_KEY_,12667312,3/4/2026 16:34
,AIM01.T_UB92_DTL_EXT_KEY_90.gz,AIM01.T_UB92_DTL_EXT_KEY_9,12668761,3/4/2026 16:34
,AIM01.T_UB92_DTL_EXT_KEY_91.gz,AIM01.T_UB92_DTL_EXT_KEY_9,12662488,3/4/2026 16:34
,AIM01.T_UB92_DTL_EXT_KEY_92.gz,AIM01.T_UB92_DTL_EXT_KEY_9,12700713,3/4/2026 16:34
,AIM01.T_UB92_DTL_EXT_KEY_93.gz,AIM01.T_UB92_DTL_EXT_KEY_9,12653434,3/4/2026 16:34
,AIM01.T_UB92_DTL_EXT_KEY_94.gz,AIM01.T_UB92_DTL_EXT_KEY_9,12655421,3/4/2026 16:34
,AIM01.T_UB92_DTL_EXT_KEY_95.gz,AIM01.T_UB92_DTL_EXT_KEY_9,12650430,3/4/2026 16:34
,AIM01.T_UB92_DTL_EXT_KEY_96.gz,AIM01.T_UB92_DTL_EXT_KEY_9,12674801,3/4/2026 16:34
,AIM01.T_UB92_DTL_EXT_KEY_9.gz,AIM01.T_UB92_DTL_EXT_KEY_,12635247,3/4/2026 16:34
,AIM01.T_UB92_HDR_COND_X_0.gz,AIM01.T_UB92_HDR_COND_X_,1809673,3/4/2026 16:34
,AIM01.T_UB92_HDR_COND_X_1.gz,AIM01.T_UB92_HDR_COND_X_,1808263,3/4/2026 16:34
,AIM01.T_UB92_HDR_DIAG_X_0.gz,AIM01.T_UB92_HDR_DIAG_X_,9612177,3/4/2026 16:34
,AIM01.T_UB92_HDR_DIAG_X_100.gz,AIM01.T_UB92_HDR_DIAG_X_10,9623276,3/4/2026 16:34
,AIM01.T_UB92_HDR_DIAG_X_101.gz,AIM01.T_UB92_HDR_DIAG_X_10,9611945,3/4/2026 16:34
,AIM01.T_UB92_HDR_DIAG_X_102.gz,AIM01.T_UB92_HDR_DIAG_X_10,9613057,3/4/2026 16:34
,AIM01.T_UB92_HDR_DIAG_X_10.gz,AIM01.T_UB92_HDR_DIAG_X_1,9615942,3/4/2026 16:34
,AIM01.T_UB92_HDR_DIAG_X_11.gz,AIM01.T_UB92_HDR_DIAG_X_1,9617046,3/4/2026 16:34
,AIM01.T_UB92_HDR_DIAG_X_12.gz,AIM01.T_UB92_HDR_DIAG_X_1,9624857,3/4/2026 16:34
,AIM01.T_UB92_HDR_DIAG_X_13.gz,AIM01.T_UB92_HDR_DIAG_X_1,9600584,3/4/2026 16:34
,AIM01.T_UB92_HDR_DIAG_X_14.gz,AIM01.T_UB92_HDR_DIAG_X_1,9607997,3/4/2026 16:34
,AIM01.T_UB92_HDR_DIAG_X_15.gz,AIM01.T_UB92_HDR_DIAG_X_1,9613660,3/4/2026 16:34
,AIM01.T_UB92_HDR_DIAG_X_16.gz,AIM01.T_UB92_HDR_DIAG_X_1,9607857,3/4/2026 16:34
,AIM01.T_UB92_HDR_DIAG_X_17.gz,AIM01.T_UB92_HDR_DIAG_X_1,9613591,3/4/2026 16:34
,AIM01.T_UB92_HDR_DIAG_X_18.gz,AIM01.T_UB92_HDR_DIAG_X_1,9603121,3/4/2026 16:34
,AIM01.T_UB92_HDR_DIAG_X_19.gz,AIM01.T_UB92_HDR_DIAG_X_1,9600357,3/4/2026 16:34
,AIM01.T_UB92_HDR_DIAG_X_1.gz,AIM01.T_UB92_HDR_DIAG_X_,9626744,3/4/2026 16:34
,AIM01.T_UB92_HDR_DIAG_X_20.gz,AIM01.T_UB92_HDR_DIAG_X_2,9614205,3/4/2026 16:35
,AIM01.T_UB92_HDR_DIAG_X_21.gz,AIM01.T_UB92_HDR_DIAG_X_2,9608111,3/4/2026 16:35
,AIM01.T_UB92_HDR_DIAG_X_22.gz,AIM01.T_UB92_HDR_DIAG_X_2,9614478,3/4/2026 16:35
,AIM01.T_UB92_HDR_DIAG_X_23.gz,AIM01.T_UB92_HDR_DIAG_X_2,9609156,3/4/2026 16:35
,AIM01.T_UB92_HDR_DIAG_X_24.gz,AIM01.T_UB92_HDR_DIAG_X_2,9635051,3/4/2026 16:35
,AIM01.T_UB92_HDR_DIAG_X_25.gz,AIM01.T_UB92_HDR_DIAG_X_2,9619478,3/4/2026 16:35
,AIM01.T_UB92_HDR_DIAG_X_26.gz,AIM01.T_UB92_HDR_DIAG_X_2,9608115,3/4/2026 16:35
,AIM01.T_UB92_HDR_DIAG_X_27.gz,AIM01.T_UB92_HDR_DIAG_X_2,9614729,3/4/2026 16:35
,AIM01.T_UB92_HDR_DIAG_X_28.gz,AIM01.T_UB92_HDR_DIAG_X_2,9619940,3/4/2026 16:35
,AIM01.T_UB92_HDR_DIAG_X_29.gz,AIM01.T_UB92_HDR_DIAG_X_2,9631653,3/4/2026 16:35
,AIM01.T_UB92_HDR_DIAG_X_2.gz,AIM01.T_UB92_HDR_DIAG_X_,9620251,3/4/2026 16:35
,AIM01.T_UB92_HDR_DIAG_X_30.gz,AIM01.T_UB92_HDR_DIAG_X_3,9615494,3/4/2026 16:35
,AIM01.T_UB92_HDR_DIAG_X_31.gz,AIM01.T_UB92_HDR_DIAG_X_3,9601177,3/4/2026 16:35
,AIM01.T_UB92_HDR_DIAG_X_32.gz,AIM01.T_UB92_HDR_DIAG_X_3,9609229,3/4/2026 16:35
,AIM01.T_UB92_HDR_DIAG_X_33.gz,AIM01.T_UB92_HDR_DIAG_X_3,9612862,3/4/2026 16:35
,AIM01.T_UB92_HDR_DIAG_X_34.gz,AIM01.T_UB92_HDR_DIAG_X_3,9621357,3/4/2026 16:35
,AIM01.T_UB92_HDR_DIAG_X_35.gz,AIM01.T_UB92_HDR_DIAG_X_3,9613538,3/4/2026 16:35
,AIM01.T_UB92_HDR_DIAG_X_36.gz,AIM01.T_UB92_HDR_DIAG_X_3,9618339,3/4/2026 16:35
,AIM01.T_UB92_HDR_DIAG_X_37.gz,AIM01.T_UB92_HDR_DIAG_X_3,9619252,3/4/2026 16:35
,AIM01.T_UB92_HDR_DIAG_X_38.gz,AIM01.T_UB92_HDR_DIAG_X_3,9623391,3/4/2026 16:35
,AIM01.T_UB92_HDR_DIAG_X_39.gz,AIM01.T_UB92_HDR_DIAG_X_3,9609744,3/4/2026 16:35
,AIM01.T_UB92_HDR_DIAG_X_3.gz,AIM01.T_UB92_HDR_DIAG_X_,9634672,3/4/2026 16:35
,AIM01.T_UB92_HDR_DIAG_X_40.gz,AIM01.T_UB92_HDR_DIAG_X_4,9597044,3/4/2026 16:35
,AIM01.T_UB92_HDR_DIAG_X_41.gz,AIM01.T_UB92_HDR_DIAG_X_4,9591772,3/4/2026 16:35
,AIM01.T_UB92_HDR_DIAG_X_42.gz,AIM01.T_UB92_HDR_DIAG_X_4,9610502,3/4/2026 16:35
,AIM01.T_UB92_HDR_DIAG_X_43.gz,AIM01.T_UB92_HDR_DIAG_X_4,9619259,3/4/2026 16:36
,AIM01.T_UB92_HDR_DIAG_X_44.gz,AIM01.T_UB92_HDR_DIAG_X_4,9609049,3/4/2026 16:36
,AIM01.T_UB92_HDR_DIAG_X_45.gz,AIM01.T_UB92_HDR_DIAG_X_4,9626444,3/4/2026 16:36
,AIM01.T_UB92_HDR_DIAG_X_46.gz,AIM01.T_UB92_HDR_DIAG_X_4,9615030,3/4/2026 16:36
,AIM01.T_UB92_HDR_DIAG_X_47.gz,AIM01.T_UB92_HDR_DIAG_X_4,9619243,3/4/2026 16:36
,AIM01.T_UB92_HDR_DIAG_X_48.gz,AIM01.T_UB92_HDR_DIAG_X_4,9611290,3/4/2026 16:36
,AIM01.T_UB92_HDR_DIAG_X_49.gz,AIM01.T_UB92_HDR_DIAG_X_4,9609454,3/4/2026 16:36
,AIM01.T_UB92_HDR_DIAG_X_4.gz,AIM01.T_UB92_HDR_DIAG_X_,9609319,3/4/2026 16:36
,AIM01.T_UB92_HDR_DIAG_X_50.gz,AIM01.T_UB92_HDR_DIAG_X_5,9630639,3/4/2026 16:36
,AIM01.T_UB92_HDR_DIAG_X_51.gz,AIM01.T_UB92_HDR_DIAG_X_5,9620993,3/4/2026 16:36
,AIM01.T_UB92_HDR_DIAG_X_52.gz,AIM01.T_UB92_HDR_DIAG_X_5,9602480,3/4/2026 16:36
,AIM01.T_UB92_HDR_DIAG_X_53.gz,AIM01.T_UB92_HDR_DIAG_X_5,9611278,3/4/2026 16:36
,AIM01.T_UB92_HDR_DIAG_X_54.gz,AIM01.T_UB92_HDR_DIAG_X_5,9628808,3/4/2026 16:36
,AIM01.T_UB92_HDR_DIAG_X_55.gz,AIM01.T_UB92_HDR_DIAG_X_5,9626881,3/4/2026 16:36
,AIM01.T_UB92_HDR_DIAG_X_56.gz,AIM01.T_UB92_HDR_DIAG_X_5,9617752,3/4/2026 16:36
,AIM01.T_UB92_HDR_DIAG_X_57.gz,AIM01.T_UB92_HDR_DIAG_X_5,9621964,3/4/2026 16:36
,AIM01.T_UB92_HDR_DIAG_X_58.gz,AIM01.T_UB92_HDR_DIAG_X_5,9613111,3/4/2026 16:36
,AIM01.T_UB92_HDR_DIAG_X_59.gz,AIM01.T_UB92_HDR_DIAG_X_5,9615360,3/4/2026 16:36
,AIM01.T_UB92_HDR_DIAG_X_5.gz,AIM01.T_UB92_HDR_DIAG_X_,9618282,3/4/2026 16:36
,AIM01.T_UB92_HDR_DIAG_X_60.gz,AIM01.T_UB92_HDR_DIAG_X_6,9612591,3/4/2026 16:36
,AIM01.T_UB92_HDR_DIAG_X_61.gz,AIM01.T_UB92_HDR_DIAG_X_6,9620966,3/4/2026 16:36
,AIM01.T_UB92_HDR_DIAG_X_62.gz,AIM01.T_UB92_HDR_DIAG_X_6,9620970,3/4/2026 16:36
,AIM01.T_UB92_HDR_DIAG_X_63.gz,AIM01.T_UB92_HDR_DIAG_X_6,9598979,3/4/2026 16:36
,AIM01.T_UB92_HDR_DIAG_X_64.gz,AIM01.T_UB92_HDR_DIAG_X_6,9618047,3/4/2026 16:36
,AIM01.T_UB92_HDR_DIAG_X_65.gz,AIM01.T_UB92_HDR_DIAG_X_6,9630950,3/4/2026 16:36
,AIM01.T_UB92_HDR_DIAG_X_66.gz,AIM01.T_UB92_HDR_DIAG_X_6,9603871,3/4/2026 16:37
,AIM01.T_UB92_HDR_DIAG_X_67.gz,AIM01.T_UB92_HDR_DIAG_X_6,9591897,3/4/2026 16:37
,AIM01.T_UB92_HDR_DIAG_X_68.gz,AIM01.T_UB92_HDR_DIAG_X_6,9619641,3/4/2026 16:37
,AIM01.T_UB92_HDR_DIAG_X_69.gz,AIM01.T_UB92_HDR_DIAG_X_6,9625898,3/4/2026 16:37
,AIM01.T_UB92_HDR_DIAG_X_6.gz,AIM01.T_UB92_HDR_DIAG_X_,9620421,3/4/2026 16:37
,AIM01.T_UB92_HDR_DIAG_X_70.gz,AIM01.T_UB92_HDR_DIAG_X_7,9628442,3/4/2026 16:37
,AIM01.T_UB92_HDR_DIAG_X_71.gz,AIM01.T_UB92_HDR_DIAG_X_7,9607229,3/4/2026 16:37
,AIM01.T_UB92_HDR_DIAG_X_72.gz,AIM01.T_UB92_HDR_DIAG_X_7,9626896,3/4/2026 16:37
,AIM01.T_UB92_HDR_DIAG_X_73.gz,AIM01.T_UB92_HDR_DIAG_X_7,9610266,3/4/2026 16:37
,AIM01.T_UB92_HDR_DIAG_X_74.gz,AIM01.T_UB92_HDR_DIAG_X_7,9626057,3/4/2026 16:37
,AIM01.T_UB92_HDR_DIAG_X_75.gz,AIM01.T_UB92_HDR_DIAG_X_7,9620994,3/4/2026 16:37
,AIM01.T_UB92_HDR_DIAG_X_76.gz,AIM01.T_UB92_HDR_DIAG_X_7,9611492,3/4/2026 16:37
,AIM01.T_UB92_HDR_DIAG_X_77.gz,AIM01.T_UB92_HDR_DIAG_X_7,9611447,3/4/2026 16:37
,AIM01.T_UB92_HDR_DIAG_X_78.gz,AIM01.T_UB92_HDR_DIAG_X_7,9620581,3/4/2026 16:37
,AIM01.T_UB92_HDR_DIAG_X_79.gz,AIM01.T_UB92_HDR_DIAG_X_7,9607569,3/4/2026 16:37
,AIM01.T_UB92_HDR_DIAG_X_7.gz,AIM01.T_UB92_HDR_DIAG_X_,9631410,3/4/2026 16:37
,AIM01.T_UB92_HDR_DIAG_X_80.gz,AIM01.T_UB92_HDR_DIAG_X_8,9603188,3/4/2026 16:37
,AIM01.T_UB92_HDR_DIAG_X_81.gz,AIM01.T_UB92_HDR_DIAG_X_8,9621869,3/4/2026 16:37
,AIM01.T_UB92_HDR_DIAG_X_82.gz,AIM01.T_UB92_HDR_DIAG_X_8,9604901,3/4/2026 16:37
,AIM01.T_UB92_HDR_DIAG_X_83.gz,AIM01.T_UB92_HDR_DIAG_X_8,9622115,3/4/2026 16:37
,AIM01.T_UB92_HDR_DIAG_X_84.gz,AIM01.T_UB92_HDR_DIAG_X_8,9611780,3/4/2026 16:37
,AIM01.T_UB92_HDR_DIAG_X_85.gz,AIM01.T_UB92_HDR_DIAG_X_8,9612604,3/4/2026 16:37
,AIM01.T_UB92_HDR_DIAG_X_86.gz,AIM01.T_UB92_HDR_DIAG_X_8,9612675,3/4/2026 16:37
,AIM01.T_UB92_HDR_DIAG_X_87.gz,AIM01.T_UB92_HDR_DIAG_X_8,9613697,3/4/2026 16:37
,AIM01.T_UB92_HDR_DIAG_X_88.gz,AIM01.T_UB92_HDR_DIAG_X_8,9627014,3/4/2026 16:38
,AIM01.T_UB92_HDR_DIAG_X_89.gz,AIM01.T_UB92_HDR_DIAG_X_8,9614139,3/4/2026 16:38
,AIM01.T_UB92_HDR_DIAG_X_8.gz,AIM01.T_UB92_HDR_DIAG_X_,9620384,3/4/2026 16:38
,AIM01.T_UB92_HDR_DIAG_X_90.gz,AIM01.T_UB92_HDR_DIAG_X_9,9623843,3/4/2026 16:38
,AIM01.T_UB92_HDR_DIAG_X_91.gz,AIM01.T_UB92_HDR_DIAG_X_9,9630536,3/4/2026 16:38
,AIM01.T_UB92_HDR_DIAG_X_92.gz,AIM01.T_UB92_HDR_DIAG_X_9,9615774,3/4/2026 16:38
,AIM01.T_UB92_HDR_DIAG_X_93.gz,AIM01.T_UB92_HDR_DIAG_X_9,9606930,3/4/2026 16:38
,AIM01.T_UB92_HDR_DIAG_X_94.gz,AIM01.T_UB92_HDR_DIAG_X_9,9612223,3/4/2026 16:38
,AIM01.T_UB92_HDR_DIAG_X_95.gz,AIM01.T_UB92_HDR_DIAG_X_9,9625372,3/4/2026 16:38
,AIM01.T_UB92_HDR_DIAG_X_96.gz,AIM01.T_UB92_HDR_DIAG_X_9,9621058,3/4/2026 16:38
,AIM01.T_UB92_HDR_DIAG_X_97.gz,AIM01.T_UB92_HDR_DIAG_X_9,9604155,3/4/2026 16:38
,AIM01.T_UB92_HDR_DIAG_X_98.gz,AIM01.T_UB92_HDR_DIAG_X_9,9623515,3/4/2026 16:38
,AIM01.T_UB92_HDR_DIAG_X_99.gz,AIM01.T_UB92_HDR_DIAG_X_9,9615457,3/4/2026 16:38
,AIM01.T_UB92_HDR_DIAG_X_9.gz,AIM01.T_UB92_HDR_DIAG_X_,9631338,3/4/2026 16:38
,AIM01.T_UB92_HDR_INP_0.gz,AIM01.T_UB92_HDR_INP_,4938909,3/4/2026 16:38
,AIM01.T_UB92_HDR_OCC_0.gz,AIM01.T_UB92_HDR_OCC_,5705598,3/4/2026 16:38
,AIM01.T_UB92_HDR_OCC_10.gz,AIM01.T_UB92_HDR_OCC_1,5708105,3/4/2026 16:38
,AIM01.T_UB92_HDR_OCC_1.gz,AIM01.T_UB92_HDR_OCC_,5702058,3/4/2026 16:38
,AIM01.T_UB92_HDR_OCC_2.gz,AIM01.T_UB92_HDR_OCC_,5690777,3/4/2026 16:38
,AIM01.T_UB92_HDR_OCC_3.gz,AIM01.T_UB92_HDR_OCC_,5712898,3/4/2026 16:38
,AIM01.T_UB92_HDR_OCC_4.gz,AIM01.T_UB92_HDR_OCC_,5699080,3/4/2026 16:38
,AIM01.T_UB92_HDR_OCC_5.gz,AIM01.T_UB92_HDR_OCC_,5708310,3/4/2026 16:38
,AIM01.T_UB92_HDR_OCC_6.gz,AIM01.T_UB92_HDR_OCC_,5715702,3/4/2026 16:38
,AIM01.T_UB92_HDR_OCC_7.gz,AIM01.T_UB92_HDR_OCC_,5703864,3/4/2026 16:38
,AIM01.T_UB92_HDR_OCC_8.gz,AIM01.T_UB92_HDR_OCC_,5716179,3/4/2026 16:38
,AIM01.T_UB92_HDR_OCC_9.gz,AIM01.T_UB92_HDR_OCC_,5707793,3/4/2026 16:38
,AIM01.T_UB92_HDR_VALUE_0.gz,AIM01.T_UB92_HDR_VALUE_,4121480,3/4/2026 16:38
,AIM01.T_UB92_HDR_VALUE_1.gz,AIM01.T_UB92_HDR_VALUE_,4116965,3/4/2026 16:38
,AIM01.T_UB92_HDR_VALUE_2.gz,AIM01.T_UB92_HDR_VALUE_,4122039,3/4/2026 16:38
,AIM01.T_UB92_HDR_VALUE_3.gz,AIM01.T_UB92_HDR_VALUE_,4123512,3/4/2026 16:38
,AIM01.T_UB92_HDR_VALUE_4.gz,AIM01.T_UB92_HDR_VALUE_,4117346,3/4/2026 16:38
,AIM.T_RE_CASE_XREF_0.gz,AIM.T_RE_CASE_XREF_,9251104,3/4/2026 16:38
,AIM.T_RE_CASE_XREF_1.gz,AIM.T_RE_CASE_XREF_,9232828,3/4/2026 16:38
,AIM.T_RE_CASE_XREF_2.gz,AIM.T_RE_CASE_XREF_,9240453,3/4/2026 16:38
,AIM.T_RE_CASE_XREF_3.gz,AIM.T_RE_CASE_XREF_,9216274,3/4/2026 16:39
,AIM.T_RE_CASE_XREF_4.gz,AIM.T_RE_CASE_XREF_,9220500,3/4/2026 16:39
,AIM.T_RE_CASE_XREF_5.gz,AIM.T_RE_CASE_XREF_,9231195,3/4/2026 16:39
,AIM.T_RE_CASE_XREF_6.gz,AIM.T_RE_CASE_XREF_,9239191,3/4/2026 16:39
,AIM.T_RE_CASE_XREF_7.gz,AIM.T_RE_CASE_XREF_,9219445,3/4/2026 16:39
,AIM.T_RE_ELIG_0.gz,AIM.T_RE_ELIG_,8707197,3/4/2026 16:39
,AIM.T_RE_ELIG_10.gz,AIM.T_RE_ELIG_1,8697597,3/4/2026 16:39
,AIM.T_RE_ELIG_11.gz,AIM.T_RE_ELIG_1,8705135,3/4/2026 16:39
,AIM.T_RE_ELIG_12.gz,AIM.T_RE_ELIG_1,8690594,3/4/2026 16:39
,AIM.T_RE_ELIG_13.gz,AIM.T_RE_ELIG_1,8697438,3/4/2026 16:39
,AIM.T_RE_ELIG_14.gz,AIM.T_RE_ELIG_1,8697462,3/4/2026 16:39
,AIM.T_RE_ELIG_15.gz,AIM.T_RE_ELIG_1,8700616,3/4/2026 16:39
,AIM.T_RE_ELIG_16.gz,AIM.T_RE_ELIG_1,8701092,3/4/2026 16:39
,AIM.T_RE_ELIG_17.gz,AIM.T_RE_ELIG_1,8692305,3/4/2026 16:39
,AIM.T_RE_ELIG_18.gz,AIM.T_RE_ELIG_1,8694394,3/4/2026 16:39
,AIM.T_RE_ELIG_19.gz,AIM.T_RE_ELIG_1,8671714,3/4/2026 16:39
,AIM.T_RE_ELIG_1.gz,AIM.T_RE_ELIG_,8678515,3/4/2026 16:39
,AIM.T_RE_ELIG_20.gz,AIM.T_RE_ELIG_2,8706940,3/4/2026 16:39
,AIM.T_RE_ELIG_21.gz,AIM.T_RE_ELIG_2,8695150,3/4/2026 16:39
,AIM.T_RE_ELIG_22.gz,AIM.T_RE_ELIG_2,8686224,3/4/2026 16:39
,AIM.T_RE_ELIG_23.gz,AIM.T_RE_ELIG_2,8697583,3/4/2026 16:39
,AIM.T_RE_ELIG_24.gz,AIM.T_RE_ELIG_2,8702184,3/4/2026 16:39
,AIM.T_RE_ELIG_25.gz,AIM.T_RE_ELIG_2,8697014,3/4/2026 16:39
,AIM.T_RE_ELIG_26.gz,AIM.T_RE_ELIG_2,8696786,3/4/2026 16:39
,AIM.T_RE_ELIG_27.gz,AIM.T_RE_ELIG_2,8699862,3/4/2026 16:39
,AIM.T_RE_ELIG_28.gz,AIM.T_RE_ELIG_2,8693156,3/4/2026 16:39
,AIM.T_RE_ELIG_29.gz,AIM.T_RE_ELIG_2,8706498,3/4/2026 16:39
,AIM.T_RE_ELIG_2.gz,AIM.T_RE_ELIG_,8694925,3/4/2026 16:39
,AIM.T_RE_ELIG_30.gz,AIM.T_RE_ELIG_3,8692277,3/4/2026 16:39
,AIM.T_RE_ELIG_31.gz,AIM.T_RE_ELIG_3,8671107,3/4/2026 16:39
,AIM.T_RE_ELIG_32.gz,AIM.T_RE_ELIG_3,8696421,3/4/2026 16:39
,AIM.T_RE_ELIG_33.gz,AIM.T_RE_ELIG_3,8702297,3/4/2026 16:40
,AIM.T_RE_ELIG_34.gz,AIM.T_RE_ELIG_3,8683905,3/4/2026 16:40
,AIM.T_RE_ELIG_35.gz,AIM.T_RE_ELIG_3,8695621,3/4/2026 16:40
,AIM.T_RE_ELIG_36.gz,AIM.T_RE_ELIG_3,8698945,3/4/2026 16:40
,AIM.T_RE_ELIG_37.gz,AIM.T_RE_ELIG_3,8701293,3/4/2026 16:40
,AIM.T_RE_ELIG_38.gz,AIM.T_RE_ELIG_3,8688008,3/4/2026 16:40
,AIM.T_RE_ELIG_39.gz,AIM.T_RE_ELIG_3,8695690,3/4/2026 16:40
,AIM.T_RE_ELIG_3.gz,AIM.T_RE_ELIG_,8682064,3/4/2026 16:40
,AIM.T_RE_ELIG_40.gz,AIM.T_RE_ELIG_4,8686806,3/4/2026 16:40
,AIM.T_RE_ELIG_41.gz,AIM.T_RE_ELIG_4,8700157,3/4/2026 16:40
,AIM.T_RE_ELIG_42.gz,AIM.T_RE_ELIG_4,8685724,3/4/2026 16:40
,AIM.T_RE_ELIG_43.gz,AIM.T_RE_ELIG_4,8696378,3/4/2026 16:40
,AIM.T_RE_ELIG_44.gz,AIM.T_RE_ELIG_4,8710141,3/4/2026 16:40
,AIM.T_RE_ELIG_45.gz,AIM.T_RE_ELIG_4,8688651,3/4/2026 16:40
,AIM.T_RE_ELIG_46.gz,AIM.T_RE_ELIG_4,8687913,3/4/2026 16:40
,AIM.T_RE_ELIG_47.gz,AIM.T_RE_ELIG_4,8682892,3/4/2026 16:40
,AIM.T_RE_ELIG_48.gz,AIM.T_RE_ELIG_4,8680530,3/4/2026 16:40
,AIM.T_RE_ELIG_49.gz,AIM.T_RE_ELIG_4,8689023,3/4/2026 16:40
,AIM.T_RE_ELIG_4.gz,AIM.T_RE_ELIG_,8690081,3/4/2026 16:40
,AIM.T_RE_ELIG_50.gz,AIM.T_RE_ELIG_5,8691245,3/4/2026 16:40
,AIM.T_RE_ELIG_51.gz,AIM.T_RE_ELIG_5,8695206,3/4/2026 16:40
,AIM.T_RE_ELIG_52.gz,AIM.T_RE_ELIG_5,8693803,3/4/2026 16:40
,AIM.T_RE_ELIG_53.gz,AIM.T_RE_ELIG_5,8688687,3/4/2026 16:40
,AIM.T_RE_ELIG_STOP_0.gz,AIM.T_RE_ELIG_STOP_,282,3/4/2026 16:40
,AIM.T_RE_LIV_ARNG_0.gz,AIM.T_RE_LIV_ARNG_,423,3/4/2026 16:40
,AIM.T_RE_MEDICARE_A_0.gz,AIM.T_RE_MEDICARE_A_,3382167,3/4/2026 16:40
,AIM.T_RE_MEDICARE_B_0.gz,AIM.T_RE_MEDICARE_B_,4006461,3/4/2026 16:40
,AIM.T_RE_PAT_LIAB_0.gz,AIM.T_RE_PAT_LIAB_,7978667,3/4/2026 16:41
,AIM.T_RE_PAT_LIAB_1.gz,AIM.T_RE_PAT_LIAB_,7982467,3/4/2026 16:41
,AIM.T_REVENUE_CODE_0.gz,AIM.T_REVENUE_CODE_,3628,3/4/2026 16:41
,AIM.T_REV_GROUP_0.gz,AIM.T_REV_GROUP_,3611,3/4/2026 16:41
,AIM.T_REV_TYPE_0.gz,AIM.T_REV_TYPE_,1258,3/4/2026 16:41
,AIM.T_THERAPEUTIC_GROUP_0.gz,AIM.T_THERAPEUTIC_GROUP_,260,3/4/2026 16:41
,AIM.T_THERAPEUTIC_TYPE_0.gz,AIM.T_THERAPEUTIC_TYPE_,334,3/4/2026 16:41
,AIM.T_TPL_COV_PLAN_XREF_0.gz,AIM.T_TPL_COV_PLAN_XREF_,174,3/4/2026 16:41
,genius_03042026_180934.csv,genius_03042026_180934,52,3/4/2026 18:09
,test.gz,tes,29,3/4/2026 18:09
,03042026_genius_files.csv,03042026_genius_files,45634,3/5/2026 9:54
