filename,size_bytes
AIM_T_CLM_TPLVNDR_HDR_TXN_0.dat,204676584
AIM_T_CLM_TPLVNDR_HDR_TXN_1.dat,204685884
AIM00_T_DENY_PHRM_HDR_0.dat,214321524
AIM00_T_CLM_ADR_N3_N4_0.dat,175205684
AIM00_T_CLM_ADR_N3_N4_10.dat,175392845
AIM00_T_CLM_ADR_N3_N4_11.dat,175427512
AIM00_T_CLM_ADR_N3_N4_12.dat,175497294
AIM00_T_CLM_ADR_N3_N4_13.dat,175509615
AIM00_T_CLM_ADR_N3_N4_14.dat,175038532
AIM00_T_CLM_ADR_N3_N4_15.dat,174995689
AIM00_T_CLM_ADR_N3_N4_16.dat,175191109
AIM00_T_CLM_ADR_N3_N4_17.dat,175291060
AIM00_T_CLM_ADR_N3_N4_18.dat,175115447
AIM00_T_CLM_ADR_N3_N4_19.dat,175142758
AIM00_T_CLM_ADR_N3_N4_1.dat,175368747
AIM00_T_CLM_ADR_N3_N4_20.dat,175226113
AIM00_T_CLM_ADR_N3_N4_21.dat,175108392
AIM00_T_CLM_ADR_N3_N4_22.dat,175176264
AIM00_T_CLM_ADR_N3_N4_23.dat,175483070
AIM00_T_CLM_ADR_N3_N4_24.dat,175130437
AIM00_T_CLM_ADR_N3_N4_25.dat,174976236
AIM00_T_CLM_ADR_N3_N4_26.dat,175245979
AIM00_T_CLM_ADR_N3_N4_27.dat,175374503
AIM00_T_CLM_ADR_N3_N4_28.dat,175058302
AIM00_T_CLM_ADR_N3_N4_29.dat,174987316
AIM00_T_CLM_ADR_N3_N4_2.dat,175218871
AIM00_T_CLM_ADR_N3_N4_30.dat,175371988
AIM00_T_CLM_ADR_N3_N4_31.dat,175079562
AIM00_T_CLM_ADR_N3_N4_32.dat,175204120
AIM00_T_CLM_ADR_N3_N4_33.dat,175154451
AIM00_T_CLM_ADR_N3_N4_34.dat,175198294
AIM00_T_CLM_ADR_N3_N4_35.dat,175211931
AIM00_T_CLM_ADR_N3_N4_36.dat,175341796
AIM00_T_CLM_ADR_N3_N4_37.dat,175343806
AIM00_T_CLM_ADR_N3_N4_38.dat,174808144
AIM00_T_CLM_ADR_N3_N4_39.dat,175433168
AIM00_T_CLM_ADR_N3_N4_3.dat,175264180
AIM00_T_CLM_ADR_N3_N4_40.dat,175067556
AIM00_T_CLM_ADR_N3_N4_41.dat,175155850
AIM00_T_CLM_ADR_N3_N4_42.dat,175275173
AIM00_T_CLM_ADR_N3_N4_43.dat,175282061
AIM00_T_CLM_ADR_N3_N4_44.dat,175450248
AIM00_T_CLM_ADR_N3_N4_45.dat,175177713
AIM00_T_CLM_ADR_N3_N4_46.dat,175594501
AIM00_T_CLM_ADR_N3_N4_47.dat,175259213
AIM00_T_CLM_ADR_N3_N4_48.dat,175180032
AIM00_T_CLM_ADR_N3_N4_49.dat,175283536
AIM00_T_CLM_ADR_N3_N4_4.dat,175239838
AIM00_T_CLM_ADR_N3_N4_50.dat,175365808
AIM00_T_CLM_ADR_N3_N4_51.dat,175180534
AIM00_T_CLM_ADR_N3_N4_52.dat,175159376
AIM00_T_CLM_ADR_N3_N4_53.dat,175607892
AIM00_T_CLM_ADR_N3_N4_54.dat,175535031
AIM00_T_CLM_ADR_N3_N4_55.dat,175129377
AIM00_T_CLM_ADR_N3_N4_56.dat,175260889
AIM00_T_CLM_ADR_N3_N4_57.dat,175248864
AIM00_T_CLM_ADR_N3_N4_58.dat,175309076
AIM00_T_CLM_ADR_N3_N4_59.dat,175108849
AIM00_T_CLM_ADR_N3_N4_5.dat,175234835
AIM00_T_CLM_ADR_N3_N4_60.dat,175369630
AIM00_T_CLM_ADR_N3_N4_61.dat,174837396
AIM00_T_CLM_ADR_N3_N4_62.dat,175226498
AIM00_T_CLM_ADR_N3_N4_63.dat,175339978
AIM00_T_CLM_ADR_N3_N4_64.dat,175129031
AIM00_T_CLM_ADR_N3_N4_65.dat,175187439
AIM00_T_CLM_ADR_N3_N4_66.dat,175135201
AIM00_T_CLM_ADR_N3_N4_67.dat,175102587
AIM00_T_CLM_ADR_N3_N4_68.dat,175543497
AIM00_T_CLM_ADR_N3_N4_69.dat,175090865
AIM00_T_CLM_ADR_N3_N4_6.dat,175138073
AIM00_T_CLM_ADR_N3_N4_70.dat,175469622
AIM00_T_CLM_ADR_N3_N4_7.dat,175184001
AIM00_T_CLM_ADR_N3_N4_8.dat,175818577
AIM00_T_CLM_ADR_N3_N4_9.dat,175241825
AIM00_T_CLM_NAME_NM1_0.dat,133639383
AIM00_T_CLM_NAME_NM1_10.dat,134150598
AIM00_T_CLM_NAME_NM1_11.dat,133882054
AIM00_T_CLM_NAME_NM1_12.dat,133883429
AIM00_T_CLM_NAME_NM1_13.dat,133725270
AIM00_T_CLM_NAME_NM1_14.dat,133789045
AIM00_T_CLM_NAME_NM1_15.dat,133976610
AIM00_T_CLM_NAME_NM1_16.dat,133822351
AIM00_T_CLM_NAME_NM1_17.dat,133687486
AIM00_T_CLM_NAME_NM1_18.dat,133734826
AIM00_T_CLM_NAME_NM1_19.dat,133594182
AIM00_T_CLM_NAME_NM1_1.dat,133571554
AIM00_T_CLM_NAME_NM1_20.dat,133478616
AIM00_T_CLM_NAME_NM1_21.dat,134025142
AIM00_T_CLM_NAME_NM1_2.dat,133508390
AIM00_T_CLM_NAME_NM1_3.dat,133806875
AIM00_T_CLM_NAME_NM1_4.dat,133815244
AIM00_T_CLM_NAME_NM1_5.dat,134169704
AIM00_T_CLM_NAME_NM1_6.dat,134030497
AIM00_T_CLM_NAME_NM1_7.dat,133675348
AIM00_T_CLM_NAME_NM1_8.dat,133962562
AIM00_T_CLM_NAME_NM1_9.dat,133828685
AIM00_T_MPHX_PHRM_DTL_0.dat,264562844
AIM00_T_MPHX_PHRM_DTL_10.dat,264251789
AIM00_T_MPHX_PHRM_DTL_11.dat,264153266
AIM00_T_MPHX_PHRM_DTL_12.dat,264500633
AIM00_T_MPHX_PHRM_DTL_13.dat,264619715
AIM00_T_MPHX_PHRM_DTL_14.dat,264545222
AIM00_T_MPHX_PHRM_DTL_15.dat,264738530
AIM00_T_MPHX_PHRM_DTL_16.dat,264460316
AIM00_T_MPHX_PHRM_DTL_17.dat,264477137
AIM00_T_MPHX_PHRM_DTL_18.dat,263995202
AIM00_T_MPHX_PHRM_DTL_19.dat,264861350
AIM00_T_MPHX_PHRM_DTL_1.dat,264497162
AIM00_T_MPHX_PHRM_DTL_20.dat,264276086
AIM00_T_MPHX_PHRM_DTL_21.dat,264798071
AIM00_T_MPHX_PHRM_DTL_22.dat,264804212
AIM00_T_MPHX_PHRM_DTL_23.dat,264678455
AIM00_T_MPHX_PHRM_DTL_24.dat,264313466
AIM00_T_MPHX_PHRM_DTL_25.dat,264533207
AIM00_T_MPHX_PHRM_DTL_26.dat,264027776
AIM00_T_MPHX_PHRM_DTL_27.dat,264494225
AIM00_T_MPHX_PHRM_DTL_28.dat,264971354
AIM00_T_MPHX_PHRM_DTL_29.dat,264442694
AIM00_T_MPHX_PHRM_DTL_2.dat,264468860
AIM00_T_MPHX_PHRM_DTL_30.dat,264550562
AIM00_T_MPHX_PHRM_DTL_31.dat,264560174
AIM00_T_MPHX_PHRM_DTL_32.dat,264862952
AIM00_T_MPHX_PHRM_DTL_33.dat,264678722
AIM00_T_MPHX_PHRM_DTL_34.dat,265087232
AIM00_T_MPHX_PHRM_DTL_35.dat,264804212
AIM00_T_MPHX_PHRM_DTL_36.dat,264675785
AIM00_T_MPHX_PHRM_DTL_37.dat,264258731
AIM00_T_MPHX_PHRM_DTL_38.dat,264451238
AIM00_T_MPHX_PHRM_DTL_39.dat,264743603
AIM00_T_MPHX_PHRM_DTL_3.dat,264541751
AIM00_T_MPHX_PHRM_DTL_40.dat,264245915
AIM00_T_MPHX_PHRM_DTL_41.dat,264965747
AIM00_T_MPHX_PHRM_DTL_42.dat,264865622
AIM00_T_MPHX_PHRM_DTL_43.dat,264960941
AIM00_T_MPHX_PHRM_DTL_44.dat,264688334
AIM00_T_MPHX_PHRM_DTL_45.dat,264869360
AIM00_T_MPHX_PHRM_DTL_46.dat,264562577
AIM00_T_MPHX_PHRM_DTL_47.dat,264305189
AIM00_T_MPHX_PHRM_DTL_48.dat,264432548
AIM00_T_MPHX_PHRM_DTL_49.dat,264817028
AIM00_T_MPHX_PHRM_DTL_4.dat,264577262
AIM00_T_MPHX_PHRM_DTL_5.dat,264026708
AIM00_T_MPHX_PHRM_DTL_6.dat,264374075
AIM00_T_MPHX_PHRM_DTL_7.dat,264806348
AIM00_T_MPHX_PHRM_DTL_8.dat,264218948
AIM00_T_MPHX_PHRM_DTL_9.dat,264362060
AIM00_T_PARTY_IDENTIFIER_0.dat,103015511
AIM00_T_PARTY_IDENTIFIER_1.dat,102777159
AIM00_T_PARTY_IDENTIFIER_2.dat,102743130
AIM00_T_PARTY_IDENTIFIER_3.dat,102750388
AIM00_T_PARTY_IDENTIFIER_4.dat,102797946
AIM00_T_PARTY_IDENTIFIER_5.dat,102795003
AIM00_T_PARTY_IDENTIFIER_6.dat,102872081
AIM00_T_PD_PHARM_HDR_0.dat,229724519
AIM00_T_PD_PHYS_HDR_0.dat,494590951
AIM00_T_PHRM_HDR_KEYS_0.dat,155166210
AIM00_T_PHRM_HDR_KEYS_1.dat,155133596
AIM00_T_PHRM_HDR_OPT_0.dat,116457860
AIM00_T_PHRM_HDR_OPT_1.dat,116469980
AIM00_T_PHYS_HDR_KEY_0.dat,209897091
AIM00_T_PHYS_HDR_KEY_1.dat,209707524
AIM01_T_CLM_CR1_0.dat,142550155
AIM01_T_CLM_NTE_0.dat,35202972
AIM01_T_CLM_NTE_1.dat,35239680
AIM01_T_CLM_NTE_2.dat,35252296
AIM01_T_CLM_NTE_3.dat,35206582
AIM01_T_CLM_NTE_4.dat,35244924
AIM01_T_CLM_NTE_5.dat,35225202
AIM01_T_CLM_SBR_0.dat,175838232
AIM01_T_CLM_SBR_100.dat,175926024
AIM01_T_CLM_SBR_101.dat,175994700
AIM01_T_CLM_SBR_102.dat,176265864
AIM01_T_CLM_SBR_103.dat,175773096
AIM01_T_CLM_SBR_104.dat,175838232
AIM01_T_CLM_SBR_105.dat,176023374
AIM01_T_CLM_SBR_106.dat,175761591
AIM01_T_CLM_SBR_107.dat,176201082
AIM01_T_CLM_SBR_108.dat,175880181
AIM01_T_CLM_SBR_109.dat,175998948
AIM01_T_CLM_SBR_10.dat,175934166
AIM01_T_CLM_SBR_110.dat,175878057
AIM01_T_CLM_SBR_111.dat,176252412
AIM01_T_CLM_SBR_112.dat,176167275
AIM01_T_CLM_SBR_113.dat,176343921
AIM01_T_CLM_SBR_114.dat,175951689
AIM01_T_CLM_SBR_115.dat,175875048
AIM01_T_CLM_SBR_116.dat,175938591
AIM01_T_CLM_SBR_117.dat,176083023
AIM01_T_CLM_SBR_118.dat,176002134
AIM01_T_CLM_SBR_119.dat,175960185
AIM01_T_CLM_SBR_11.dat,175852746
AIM01_T_CLM_SBR_120.dat,175867083
AIM01_T_CLM_SBR_121.dat,175906554
AIM01_T_CLM_SBR_122.dat,175832037
AIM01_T_CLM_SBR_123.dat,175906554
AIM01_T_CLM_SBR_124.dat,176182143
AIM01_T_CLM_SBR_125.dat,176300379
AIM01_T_CLM_SBR_12.dat,175655037
AIM01_T_CLM_SBR_13.dat,176213649
AIM01_T_CLM_SBR_14.dat,176112936
AIM01_T_CLM_SBR_15.dat,175546713
AIM01_T_CLM_SBR_16.dat,176175948
AIM01_T_CLM_SBR_17.dat,176053287
AIM01_T_CLM_SBR_18.dat,176074527
AIM01_T_CLM_SBR_19.dat,175665657
AIM01_T_CLM_SBR_1.dat,175704066
AIM01_T_CLM_SBR_20.dat,175635744
AIM01_T_CLM_SBR_21.dat,176051163
AIM01_T_CLM_SBR_22.dat,175803540
AIM01_T_CLM_SBR_23.dat,176266041
AIM01_T_CLM_SBR_24.dat,175714863
AIM01_T_CLM_SBR_25.dat,175598751
AIM01_T_CLM_SBR_26.dat,176106387
AIM01_T_CLM_SBR_27.dat,176213118
AIM01_T_CLM_SBR_28.dat,175792566
AIM01_T_CLM_SBR_29.dat,175880004
AIM01_T_CLM_SBR_2.dat,175976292
AIM01_T_CLM_SBR_30.dat,176229402
AIM01_T_CLM_SBR_31.dat,175874517
AIM01_T_CLM_SBR_32.dat,175887084
AIM01_T_CLM_SBR_33.dat,175960893
AIM01_T_CLM_SBR_34.dat,176070102
AIM01_T_CLM_SBR_35.dat,175705128
AIM01_T_CLM_SBR_36.dat,175682649
AIM01_T_CLM_SBR_37.dat,175554678
AIM01_T_CLM_SBR_38.dat,176013816
AIM01_T_CLM_SBR_39.dat,175965849
AIM01_T_CLM_SBR_3.dat,175970805
AIM01_T_CLM_SBR_40.dat,175744068
AIM01_T_CLM_SBR_41.dat,176006382
AIM01_T_CLM_SBR_42.dat,175718226
AIM01_T_CLM_SBR_43.dat,175542642
AIM01_T_CLM_SBR_44.dat,175929033
AIM01_T_CLM_SBR_45.dat,176015055
AIM01_T_CLM_SBR_46.dat,175725660
AIM01_T_CLM_SBR_47.dat,175723182
AIM01_T_CLM_SBR_48.dat,176145327
AIM01_T_CLM_SBR_49.dat,175698402
AIM01_T_CLM_SBR_4.dat,175536978
AIM01_T_CLM_SBR_50.dat,176194887
AIM01_T_CLM_SBR_51.dat,175901067
AIM01_T_CLM_SBR_52.dat,175598043
AIM01_T_CLM_SBR_53.dat,175713801
AIM01_T_CLM_SBR_54.dat,175769379
AIM01_T_CLM_SBR_55.dat,175720881
AIM01_T_CLM_SBR_56.dat,176009037
AIM01_T_CLM_SBR_57.dat,176269050
AIM01_T_CLM_SBR_58.dat,176171877
AIM01_T_CLM_SBR_59.dat,176033817
AIM01_T_CLM_SBR_5.dat,175838763
AIM01_T_CLM_SBR_60.dat,175913811
AIM01_T_CLM_SBR_61.dat,176074527
AIM01_T_CLM_SBR_62.dat,176236836
AIM01_T_CLM_SBR_63.dat,175777167
AIM01_T_CLM_SBR_64.dat,176219490
AIM01_T_CLM_SBR_65.dat,176135238
AIM01_T_CLM_SBR_66.dat,175921068
AIM01_T_CLM_SBR_67.dat,176287281
AIM01_T_CLM_SBR_68.dat,175918590
AIM01_T_CLM_SBR_69.dat,175943016
AIM01_T_CLM_SBR_6.dat,175986558
AIM01_T_CLM_SBR_70.dat,176020719
AIM01_T_CLM_SBR_71.dat,176118423
AIM01_T_CLM_SBR_72.dat,176029215
AIM01_T_CLM_SBR_73.dat,175655214
AIM01_T_CLM_SBR_74.dat,176074881
AIM01_T_CLM_SBR_75.dat,175838586
AIM01_T_CLM_SBR_76.dat,176084439
AIM01_T_CLM_SBR_77.dat,176072580
AIM01_T_CLM_SBR_78.dat,175771326
AIM01_T_CLM_SBR_79.dat,175709907
AIM01_T_CLM_SBR_7.dat,175998417
AIM01_T_CLM_SBR_80.dat,175949919
AIM01_T_CLM_SBR_81.dat,176098776
AIM01_T_CLM_SBR_82.dat,175953813
AIM01_T_CLM_SBR_83.dat,176099130
AIM01_T_CLM_SBR_84.dat,175767432
AIM01_T_CLM_SBR_85.dat,175996293
AIM01_T_CLM_SBR_86.dat,175796637
AIM01_T_CLM_SBR_87.dat,175865136
AIM01_T_CLM_SBR_88.dat,175970628
AIM01_T_CLM_SBR_89.dat,175923015
AIM01_T_CLM_SBR_8.dat,176063730
AIM01_T_CLM_SBR_90.dat,176009568
AIM01_T_CLM_SBR_91.dat,175874517
AIM01_T_CLM_SBR_92.dat,176106387
AIM01_T_CLM_SBR_93.dat,176010453
AIM01_T_CLM_SBR_94.dat,176093643
AIM01_T_CLM_SBR_95.dat,175702827
AIM01_T_CLM_SBR_96.dat,176085501
AIM01_T_CLM_SBR_97.dat,176073288
AIM01_T_CLM_SBR_98.dat,175946202
AIM01_T_CLM_SBR_99.dat,176199135
AIM01_T_CLM_SBR_9.dat,176178249
deidentified_02202026.tar.gz,10431157735
AIM_T_EVS_INQUIRY_0.dat,160574014
AIM_T_EVS_INQUIRY_100.dat,160670614
AIM_T_EVS_INQUIRY_101.dat,160498022
AIM_T_EVS_INQUIRY_102.dat,160619899
AIM_T_EVS_INQUIRY_103.dat,160592207
AIM_T_EVS_INQUIRY_104.dat,160628271
AIM_T_EVS_INQUIRY_105.dat,160595749
AIM_T_EVS_INQUIRY_106.dat,160506233
AIM_T_EVS_INQUIRY_107.dat,160815192
AIM_T_EVS_INQUIRY_108.dat,160629559
AIM_T_EVS_INQUIRY_109.dat,160591402
AIM_T_EVS_INQUIRY_10.dat,160537789
AIM_T_EVS_INQUIRY_110.dat,160552118
AIM_T_EVS_INQUIRY_111.dat,160450688
AIM_T_EVS_INQUIRY_112.dat,160597842
AIM_T_EVS_INQUIRY_113.dat,160652743
AIM_T_EVS_INQUIRY_114.dat,160552762
AIM_T_EVS_INQUIRY_115.dat,160548898
AIM_T_EVS_INQUIRY_116.dat,160413980
AIM_T_EVS_INQUIRY_117.dat,160557592
AIM_T_EVS_INQUIRY_118.dat,160793457
AIM_T_EVS_INQUIRY_119.dat,160599452
AIM_T_EVS_INQUIRY_11.dat,160685909
AIM_T_EVS_INQUIRY_120.dat,160559685
AIM_T_EVS_INQUIRY_121.dat,160626339
AIM_T_EVS_INQUIRY_122.dat,160613620
AIM_T_EVS_INQUIRY_123.dat,160506877
AIM_T_EVS_INQUIRY_124.dat,160743386
AIM_T_EVS_INQUIRY_125.dat,160508487
AIM_T_EVS_INQUIRY_126.dat,160657895
AIM_T_EVS_INQUIRY_127.dat,160682689
AIM_T_EVS_INQUIRY_128.dat,160614908
AIM_T_EVS_INQUIRY_129.dat,160252014
AIM_T_EVS_INQUIRY_12.dat,160442960
AIM_T_EVS_INQUIRY_130.dat,160791364
AIM_T_EVS_INQUIRY_131.dat,160783153
AIM_T_EVS_INQUIRY_132.dat,160694603
AIM_T_EVS_INQUIRY_133.dat,160758681
AIM_T_EVS_INQUIRY_134.dat,160460992
AIM_T_EVS_INQUIRY_135.dat,160427826
AIM_T_EVS_INQUIRY_136.dat,160631330
AIM_T_EVS_INQUIRY_137.dat,160508326
AIM_T_EVS_INQUIRY_138.dat,160519757
AIM_T_EVS_INQUIRY_139.dat,160627466
AIM_T_EVS_INQUIRY_13.dat,160791686
AIM_T_EVS_INQUIRY_140.dat,160833385
AIM_T_EVS_INQUIRY_141.dat,160470169
AIM_T_EVS_INQUIRY_142.dat,160280189
AIM_T_EVS_INQUIRY_143.dat,160481117
AIM_T_EVS_INQUIRY_144.dat,160410921
AIM_T_EVS_INQUIRY_145.dat,160714728
AIM_T_EVS_INQUIRY_146.dat,160617162
AIM_T_EVS_INQUIRY_147.dat,160555338
AIM_T_EVS_INQUIRY_148.dat,160604926
AIM_T_EVS_INQUIRY_149.dat,160953974
AIM_T_EVS_INQUIRY_14.dat,160548093
AIM_T_EVS_INQUIRY_150.dat,160385966
AIM_T_EVS_INQUIRY_151.dat,160561778
AIM_T_EVS_INQUIRY_152.dat,160552118
AIM_T_EVS_INQUIRY_153.dat,160406413
AIM_T_EVS_INQUIRY_154.dat,160607824
AIM_T_EVS_INQUIRY_155.dat,160583513
AIM_T_EVS_INQUIRY_156.dat,160525392
AIM_T_EVS_INQUIRY_157.dat,160794906
AIM_T_EVS_INQUIRY_158.dat,160738556
AIM_T_EVS_INQUIRY_159.dat,160607502
AIM_T_EVS_INQUIRY_15.dat,160352639
AIM_T_EVS_INQUIRY_160.dat,160866873
AIM_T_EVS_INQUIRY_161.dat,160461636
AIM_T_EVS_INQUIRY_162.dat,160465661
AIM_T_EVS_INQUIRY_163.dat,160765926
AIM_T_EVS_INQUIRY_164.dat,160502208
AIM_T_EVS_INQUIRY_165.dat,160868000
AIM_T_EVS_INQUIRY_166.dat,160551313
AIM_T_EVS_INQUIRY_167.dat,160185521
AIM_T_EVS_INQUIRY_168.dat,160905996
AIM_T_EVS_INQUIRY_169.dat,160482244
AIM_T_EVS_INQUIRY_16.dat,160557270
AIM_T_EVS_INQUIRY_170.dat,160667233
AIM_T_EVS_INQUIRY_171.dat,160493031
AIM_T_EVS_INQUIRY_172.dat,160359723
AIM_T_EVS_INQUIRY_173.dat,160530705
AIM_T_EVS_INQUIRY_174.dat,160675444
AIM_T_EVS_INQUIRY_175.dat,160598486
AIM_T_EVS_INQUIRY_176.dat,160646625
AIM_T_EVS_INQUIRY_177.dat,160456323
AIM_T_EVS_INQUIRY_178.dat,160321405
AIM_T_EVS_INQUIRY_179.dat,160531510
AIM_T_EVS_INQUIRY_17.dat,160831936
AIM_T_EVS_INQUIRY_180.dat,160587055
AIM_T_EVS_INQUIRY_181.dat,160518791
AIM_T_EVS_INQUIRY_182.dat,160606536
AIM_T_EVS_INQUIRY_183.dat,160276325
AIM_T_EVS_INQUIRY_184.dat,160461797
AIM_T_EVS_INQUIRY_185.dat,160605087
AIM_T_EVS_INQUIRY_186.dat,160346521
AIM_T_EVS_INQUIRY_187.dat,160420581
AIM_T_EVS_INQUIRY_188.dat,160476287
AIM_T_EVS_INQUIRY_189.dat,160729862
AIM_T_EVS_INQUIRY_18.dat,160306593
AIM_T_EVS_INQUIRY_190.dat,160504784
AIM_T_EVS_INQUIRY_191.dat,160706517
AIM_T_EVS_INQUIRY_192.dat,160145110
AIM_T_EVS_INQUIRY_193.dat,160442960
AIM_T_EVS_INQUIRY_194.dat,160488684
AIM_T_EVS_INQUIRY_195.dat,160754817
AIM_T_EVS_INQUIRY_196.dat,160619577
AIM_T_EVS_INQUIRY_197.dat,160553728
AIM_T_EVS_INQUIRY_198.dat,160493997
AIM_T_EVS_INQUIRY_199.dat,160805532
AIM_T_EVS_INQUIRY_19.dat,160292425
AIM_T_EVS_INQUIRY_1.dat,160560168
AIM_T_EVS_INQUIRY_200.dat,160793618
AIM_T_EVS_INQUIRY_201.dat,160348775
AIM_T_EVS_INQUIRY_202.dat,160453908
AIM_T_EVS_INQUIRY_203.dat,160375018
AIM_T_EVS_INQUIRY_204.dat,160680918
AIM_T_EVS_INQUIRY_205.dat,160070406
AIM_T_EVS_INQUIRY_206.dat,160369383
AIM_T_EVS_INQUIRY_207.dat,160789754
AIM_T_EVS_INQUIRY_208.dat,160288239
AIM_T_EVS_INQUIRY_209.dat,160820022
AIM_T_EVS_INQUIRY_20.dat,160643405
AIM_T_EVS_INQUIRY_210.dat,160673190
AIM_T_EVS_INQUIRY_211.dat,160285341
AIM_T_EVS_INQUIRY_212.dat,160613620
AIM_T_EVS_INQUIRY_213.dat,160629398
AIM_T_EVS_INQUIRY_214.dat,160557592
AIM_T_EVS_INQUIRY_215.dat,160501081
AIM_T_EVS_INQUIRY_216.dat,160762867
AIM_T_EVS_INQUIRY_217.dat,160463407
AIM_T_EVS_INQUIRY_218.dat,160757876
AIM_T_EVS_INQUIRY_219.dat,160445858
AIM_T_EVS_INQUIRY_21.dat,160714084
AIM_T_EVS_INQUIRY_220.dat,160266826
AIM_T_EVS_INQUIRY_221.dat,160632618
AIM_T_EVS_INQUIRY_222.dat,160517020
AIM_T_EVS_INQUIRY_223.dat,160507843
AIM_T_EVS_INQUIRY_224.dat,160415268
AIM_T_EVS_INQUIRY_225.dat,160720363
AIM_T_EVS_INQUIRY_226.dat,160270046
AIM_T_EVS_INQUIRY_227.dat,160867034
AIM_T_EVS_INQUIRY_228.dat,160572726
AIM_T_EVS_INQUIRY_229.dat,160368578
AIM_T_EVS_INQUIRY_22.dat,160729862
AIM_T_EVS_INQUIRY_230.dat,160691544
AIM_T_EVS_INQUIRY_231.dat,160536179
AIM_T_EVS_INQUIRY_232.dat,160502369
AIM_T_EVS_INQUIRY_233.dat,160366485
AIM_T_EVS_INQUIRY_234.dat,160680918
AIM_T_EVS_INQUIRY_235.dat,160290976
AIM_T_EVS_INQUIRY_236.dat,160476770
AIM_T_EVS_INQUIRY_237.dat,160455196
AIM_T_EVS_INQUIRY_238.dat,160490616
AIM_T_EVS_INQUIRY_239.dat,160484820
AIM_T_EVS_INQUIRY_23.dat,160409955
AIM_T_EVS_INQUIRY_240.dat,160603960
AIM_T_EVS_INQUIRY_241.dat,160499954
AIM_T_EVS_INQUIRY_242.dat,160495607
AIM_T_EVS_INQUIRY_243.dat,160571760
AIM_T_EVS_INQUIRY_244.dat,160718753
AIM_T_EVS_INQUIRY_245.dat,160256683
AIM_T_EVS_INQUIRY_246.dat,160323498
AIM_T_EVS_INQUIRY_247.dat,160532154
AIM_T_EVS_INQUIRY_248.dat,160659666
AIM_T_EVS_INQUIRY_249.dat,160400617
AIM_T_EVS_INQUIRY_24.dat,160503818
AIM_T_EVS_INQUIRY_250.dat,160536018
AIM_T_EVS_INQUIRY_251.dat,160580132
AIM_T_EVS_INQUIRY_252.dat,160659505
AIM_T_EVS_INQUIRY_253.dat,160819700
AIM_T_EVS_INQUIRY_254.dat,160525553
AIM_T_EVS_INQUIRY_255.dat,160408828
AIM_T_EVS_INQUIRY_256.dat,160383229
AIM_T_EVS_INQUIRY_257.dat,161024493
AIM_T_EVS_INQUIRY_258.dat,160362782
AIM_T_EVS_INQUIRY_259.dat,160306271
AIM_T_EVS_INQUIRY_25.dat,160504945
AIM_T_EVS_INQUIRY_260.dat,160617645
AIM_T_EVS_INQUIRY_261.dat,160962346
AIM_T_EVS_INQUIRY_262.dat,160615391
AIM_T_EVS_INQUIRY_263.dat,160569667
AIM_T_EVS_INQUIRY_264.dat,160492709
AIM_T_EVS_INQUIRY_265.dat,160700238
AIM_T_EVS_INQUIRY_266.dat,160657251
AIM_T_EVS_INQUIRY_267.dat,160361977
AIM_T_EVS_INQUIRY_268.dat,160726320
AIM_T_EVS_INQUIRY_269.dat,160520240
AIM_T_EVS_INQUIRY_26.dat,160629559
AIM_T_EVS_INQUIRY_270.dat,160579810
AIM_T_EVS_INQUIRY_271.dat,160742581
AIM_T_EVS_INQUIRY_272.dat,160465822
AIM_T_EVS_INQUIRY_273.dat,160557592
AIM_T_EVS_INQUIRY_274.dat,160363426
AIM_T_EVS_INQUIRY_275.dat,160061712
AIM_T_EVS_INQUIRY_276.dat,160222551
AIM_T_EVS_INQUIRY_277.dat,160499954
AIM_T_EVS_INQUIRY_278.dat,160450366
AIM_T_EVS_INQUIRY_279.dat,160880397
AIM_T_EVS_INQUIRY_27.dat,160657412
AIM_T_EVS_INQUIRY_280.dat,160483371
AIM_T_EVS_INQUIRY_281.dat,160724549
AIM_T_EVS_INQUIRY_282.dat,160594944
AIM_T_EVS_INQUIRY_283.dat,160593817
AIM_T_EVS_INQUIRY_284.dat,160618450
AIM_T_EVS_INQUIRY_285.dat,160565320
AIM_T_EVS_INQUIRY_286.dat,160501886
AIM_T_EVS_INQUIRY_287.dat,160541653
AIM_T_EVS_INQUIRY_288.dat,160492387
AIM_T_EVS_INQUIRY_289.dat,160458577
AIM_T_EVS_INQUIRY_28.dat,160503174
AIM_T_EVS_INQUIRY_290.dat,160460831
AIM_T_EVS_INQUIRY_291.dat,160435715
AIM_T_EVS_INQUIRY_292.dat,160289205
AIM_T_EVS_INQUIRY_293.dat,160536340
AIM_T_EVS_INQUIRY_294.dat,160839020
AIM_T_EVS_INQUIRY_295.dat,160662081
AIM_T_EVS_INQUIRY_29.dat,160624407
AIM_T_EVS_INQUIRY_2.dat,160517503
AIM_T_EVS_INQUIRY_30.dat,160424928
AIM_T_EVS_INQUIRY_31.dat,160495929
AIM_T_EVS_INQUIRY_32.dat,160619899
AIM_T_EVS_INQUIRY_33.dat,160542458
AIM_T_EVS_INQUIRY_34.dat,160805371
AIM_T_EVS_INQUIRY_35.dat,160792491
AIM_T_EVS_INQUIRY_36.dat,160610078
AIM_T_EVS_INQUIRY_37.dat,160574336
AIM_T_EVS_INQUIRY_38.dat,160483371
AIM_T_EVS_INQUIRY_39.dat,160529578
AIM_T_EVS_INQUIRY_3.dat,160840630
AIM_T_EVS_INQUIRY_40.dat,160493675
AIM_T_EVS_INQUIRY_41.dat,160482083
AIM_T_EVS_INQUIRY_42.dat,160661276
AIM_T_EVS_INQUIRY_43.dat,160582708
AIM_T_EVS_INQUIRY_44.dat,160591885
AIM_T_EVS_INQUIRY_45.dat,160421225
AIM_T_EVS_INQUIRY_46.dat,160666911
AIM_T_EVS_INQUIRY_47.dat,160452137
AIM_T_EVS_INQUIRY_48.dat,160344750
AIM_T_EVS_INQUIRY_49.dat,160583996
AIM_T_EVS_INQUIRY_4.dat,160796194
AIM_T_EVS_INQUIRY_50.dat,160605409
AIM_T_EVS_INQUIRY_51.dat,160480151
AIM_T_EVS_INQUIRY_52.dat,160717143
AIM_T_EVS_INQUIRY_53.dat,160338471
AIM_T_EVS_INQUIRY_54.dat,160648557
AIM_T_EVS_INQUIRY_55.dat,160759808
AIM_T_EVS_INQUIRY_56.dat,160653387
AIM_T_EVS_INQUIRY_57.dat,160493836
AIM_T_EVS_INQUIRY_58.dat,160832097
AIM_T_EVS_INQUIRY_59.dat,160661759
AIM_T_EVS_INQUIRY_5.dat,160598486
AIM_T_EVS_INQUIRY_60.dat,160731311
AIM_T_EVS_INQUIRY_61.dat,160221907
AIM_T_EVS_INQUIRY_62.dat,160453264
AIM_T_EVS_INQUIRY_63.dat,160249116
AIM_T_EVS_INQUIRY_64.dat,160566286
AIM_T_EVS_INQUIRY_65.dat,160446502
AIM_T_EVS_INQUIRY_66.dat,160683333
AIM_T_EVS_INQUIRY_67.dat,160427182
AIM_T_EVS_INQUIRY_68.dat,160197757
AIM_T_EVS_INQUIRY_69.dat,160538111
AIM_T_EVS_INQUIRY_6.dat,160627627
AIM_T_EVS_INQUIRY_70.dat,160535213
AIM_T_EVS_INQUIRY_71.dat,160557753
AIM_T_EVS_INQUIRY_72.dat,160431368
AIM_T_EVS_INQUIRY_73.dat,160539882
AIM_T_EVS_INQUIRY_74.dat,160478863
AIM_T_EVS_INQUIRY_75.dat,160585606
AIM_T_EVS_INQUIRY_76.dat,160427021
AIM_T_EVS_INQUIRY_77.dat,160310618
AIM_T_EVS_INQUIRY_78.dat,160451815
AIM_T_EVS_INQUIRY_79.dat,160608307
AIM_T_EVS_INQUIRY_7.dat,160698628
AIM_T_EVS_INQUIRY_80.dat,160252980
AIM_T_EVS_INQUIRY_81.dat,160564998
AIM_T_EVS_INQUIRY_82.dat,160474838
AIM_T_EVS_INQUIRY_83.dat,160569667
AIM_T_EVS_INQUIRY_84.dat,160324625
AIM_T_EVS_INQUIRY_85.dat,160401261
AIM_T_EVS_INQUIRY_86.dat,160603960
AIM_T_EVS_INQUIRY_87.dat,160592207
AIM_T_EVS_INQUIRY_88.dat,160569828
AIM_T_EVS_INQUIRY_89.dat,160501403
AIM_T_EVS_INQUIRY_8.dat,160799414
AIM_T_EVS_INQUIRY_90.dat,160385161
AIM_T_EVS_INQUIRY_91.dat,160635999
AIM_T_EVS_INQUIRY_92.dat,160613137
AIM_T_EVS_INQUIRY_93.dat,160494319
AIM_T_EVS_INQUIRY_94.dat,160559202
AIM_T_EVS_INQUIRY_95.dat,160728091
AIM_T_EVS_INQUIRY_96.dat,160538433
AIM_T_EVS_INQUIRY_97.dat,160803761
AIM_T_EVS_INQUIRY_98.dat,160714084
AIM_T_EVS_INQUIRY_99.dat,160480634
AIM_T_EVS_INQUIRY_9.dat,160565481
AIM_T_PA_EVV_SCHED_0.dat,245219954
AIM_T_PA_EVV_SCHED_10.dat,245277026
AIM_T_PA_EVV_SCHED_11.dat,245938028
AIM_T_PA_EVV_SCHED_12.dat,245562140
AIM_T_PA_EVV_SCHED_13.dat,245766074
AIM_T_PA_EVV_SCHED_14.dat,245562878
AIM_T_PA_EVV_SCHED_15.dat,245622164
AIM_T_PA_EVV_SCHED_16.dat,245392646
AIM_T_PA_EVV_SCHED_17.dat,245277272
AIM_T_PA_EVV_SCHED_18.dat,245578130
AIM_T_PA_EVV_SCHED_19.dat,245508020
AIM_T_PA_EVV_SCHED_1.dat,245499164
AIM_T_PA_EVV_SCHED_20.dat,245289572
AIM_T_PA_EVV_SCHED_21.dat,245674562
AIM_T_PA_EVV_SCHED_22.dat,244960424
AIM_T_PA_EVV_SCHED_23.dat,245509988
AIM_T_PA_EVV_SCHED_24.dat,245399534
AIM_T_PA_EVV_SCHED_25.dat,245680958
AIM_T_PA_EVV_SCHED_26.dat,245378132
AIM_T_PA_EVV_SCHED_27.dat,245670872
AIM_T_PA_EVV_SCHED_28.dat,245700638
AIM_T_PA_EVV_SCHED_29.dat,245456852
AIM_T_PA_EVV_SCHED_2.dat,245474318
AIM_T_PA_EVV_SCHED_30.dat,245346890
AIM_T_PA_EVV_SCHED_31.dat,245451932
AIM_T_PA_EVV_SCHED_32.dat,245536556
AIM_T_PA_EVV_SCHED_33.dat,245649962
AIM_T_PA_EVV_SCHED_34.dat,245482682
AIM_T_PA_EVV_SCHED_35.dat,245204456
AIM_T_PA_EVV_SCHED_36.dat,245796824
AIM_T_PA_EVV_SCHED_37.dat,245853158
AIM_T_PA_EVV_SCHED_38.dat,245762138
AIM_T_PA_EVV_SCHED_39.dat,245568044
AIM_T_PA_EVV_SCHED_3.dat,245493260
AIM_T_PA_EVV_SCHED_40.dat,245952788
AIM_T_PA_EVV_SCHED_41.dat,245726222
AIM_T_PA_EVV_SCHED_42.dat,245345906
AIM_T_PA_EVV_SCHED_4.dat,245726714
AIM_T_PA_EVV_SCHED_5.dat,245415278
AIM_T_PA_EVV_SCHED_6.dat,246007893
AIM_T_PA_EVV_SCHED_7.dat,245394614
AIM_T_PA_EVV_SCHED_8.dat,245244554
AIM_T_PA_EVV_SCHED_9.dat,245356730
AIM_T_PA_EXT_TEXT_0.dat,43272380
AIM_T_PA_EXT_TEXT_1.dat,43241647
AIM_T_PA_EXT_TEXT_2.dat,43253267
AIM_T_PA_EXT_TEXT_3.dat,43281232
AIM_T_PA_EXT_TEXT_4.dat,43304159
AIM_T_PA_EXT_TEXT_5.dat,43279913
AIM_T_PA_EXT_TEXT_6.dat,43316768
AIM_T_PA_INT_TEXT_0.dat,48343260
AIM_T_PA_INT_TEXT_1.dat,48327233
AIM_T_PA_INT_TEXT_2.dat,48293342
AIM_T_PA_INT_TEXT_3.dat,48357512
AIM_T_PA_NONMED_PROV_0.dat,139788591
AIM_T_PR_ACTION_TRACKING_0.dat,130704629
AIM_T_PR_ACTION_TRACKING_1.dat,130681767
AIM_T_PR_ACTION_TRACKING_2.dat,130680915
AIM_T_PR_ACTION_TRACKING_3.dat,130636611
AIM_T_PR_ADR_0.dat,291774358
AIM_T_PR_ADR_1.dat,291729121
AIM_T_PR_APPLN_COMMENT_0.dat,27046457
AIM_T_PR_APPLN_COMMENT_1.dat,27030630
AIM_T_PR_DMF_ACTION_TRACKING_0.dat,169972072
AIM_T_PR_DMF_ACTION_TRACKING_1.dat,170061423
AIM_T_PR_DMF_ACTION_TRACKING_2.dat,170039786
AIM_T_PR_DMF_ACTION_TRACKING_3.dat,170220094
AIM_T_PR_DMF_ACTION_TRACKING_4.dat,170037997
AIM_T_PR_DMF_ACTION_TRACKING_5.dat,169877816
AIM_T_PR_DMV_INFO_0.dat,1535467819
AIM_T_PR_EMAIL_ADR_0.dat,276764448
AIM_T_PR_ENC_TXNS_0.dat,275754172
AIM_T_PR_OIG_CHECK_0.dat,62171396
AIM_T_PR_OIG_CHECK_10.dat,62298495
AIM_T_PR_OIG_CHECK_1.dat,62345060
AIM_T_PR_OIG_CHECK_2.dat,62175617
AIM_T_PR_OIG_CHECK_3.dat,62372195
AIM_T_PR_OIG_CHECK_4.dat,62297222
AIM_T_PR_OIG_CHECK_5.dat,62340437
AIM_T_PR_OIG_CHECK_6.dat,62272365
AIM_T_PR_OIG_CHECK_7.dat,62332397
AIM_T_PR_OIG_CHECK_8.dat,62230758
AIM_T_PR_OIG_CHECK_9.dat,62230289
AIM_T_PR_SSA_DEATH_0.dat,94199930
AIM_T_PR_SSA_DEATH_10.dat,94048880
AIM_T_PR_SSA_DEATH_11.dat,94058095
AIM_T_PR_SSA_DEATH_12.dat,94055245
AIM_T_PR_SSA_DEATH_13.dat,94170765
AIM_T_PR_SSA_DEATH_14.dat,93970030
AIM_T_PR_SSA_DEATH_15.dat,94108445
AIM_T_PR_SSA_DEATH_16.dat,94211710
AIM_T_PR_SSA_DEATH_17.dat,94085645
AIM_T_PR_SSA_DEATH_18.dat,94080040
AIM_T_PR_SSA_DEATH_19.dat,94255125
AIM_T_PR_SSA_DEATH_1.dat,94075670
AIM_T_PR_SSA_DEATH_20.dat,94268805
AIM_T_PR_SSA_DEATH_21.dat,94312505
AIM_T_PR_SSA_DEATH_22.dat,93955685
AIM_T_PR_SSA_DEATH_23.dat,94216460
AIM_T_PR_SSA_DEATH_24.dat,94121080
AIM_T_PR_SSA_DEATH_25.dat,94074150
AIM_T_PR_SSA_DEATH_26.dat,94123645
AIM_T_PR_SSA_DEATH_27.dat,94139035
AIM_T_PR_SSA_DEATH_28.dat,93907235
AIM_T_PR_SSA_DEATH_29.dat,94313170
AIM_T_PR_SSA_DEATH_2.dat,94061990
AIM_T_PR_SSA_DEATH_30.dat,94092295
AIM_T_PR_SSA_DEATH_31.dat,94133240
AIM_T_PR_SSA_DEATH_32.dat,93956445
AIM_T_PR_SSA_DEATH_33.dat,93968415
AIM_T_PR_SSA_DEATH_34.dat,94128680
AIM_T_PR_SSA_DEATH_35.dat,94112150
AIM_T_PR_SSA_DEATH_36.dat,94067120
AIM_T_PR_SSA_DEATH_37.dat,94154140
AIM_T_PR_SSA_DEATH_38.dat,94045270
AIM_T_PR_SSA_DEATH_39.dat,94374065
AIM_T_PR_SSA_DEATH_3.dat,94224915
AIM_T_PR_SSA_DEATH_40.dat,93978580
AIM_T_PR_SSA_DEATH_41.dat,94152525
AIM_T_PR_SSA_DEATH_42.dat,94057620
AIM_T_PR_SSA_DEATH_43.dat,94117660
AIM_T_PR_SSA_DEATH_44.dat,94160315
AIM_T_PR_SSA_DEATH_45.dat,93946280
AIM_T_PR_SSA_DEATH_46.dat,94107875
AIM_T_PR_SSA_DEATH_47.dat,94065600
AIM_T_PR_SSA_DEATH_48.dat,94091630
AIM_T_PR_SSA_DEATH_49.dat,94084505
AIM_T_PR_SSA_DEATH_4.dat,94075670
AIM_T_PR_SSA_DEATH_50.dat,94127350
AIM_T_PR_SSA_DEATH_51.dat,94354020
AIM_T_PR_SSA_DEATH_52.dat,94049355
AIM_T_PR_SSA_DEATH_53.dat,94125735
AIM_T_PR_SSA_DEATH_54.dat,94116710
AIM_T_PR_SSA_DEATH_55.dat,94220640
AIM_T_PR_SSA_DEATH_56.dat,94094575
AIM_T_PR_SSA_DEATH_57.dat,94210760
AIM_T_PR_SSA_DEATH_58.dat,94114905
AIM_T_PR_SSA_DEATH_59.dat,94108350
AIM_T_PR_SSA_DEATH_5.dat,94249805
AIM_T_PR_SSA_DEATH_60.dat,94166490
AIM_T_PR_SSA_DEATH_61.dat,94127635
AIM_T_PR_SSA_DEATH_62.dat,94007745
AIM_T_PR_SSA_DEATH_63.dat,94056100
AIM_T_PR_SSA_DEATH_64.dat,94091250
AIM_T_PR_SSA_DEATH_65.dat,93998340
AIM_T_PR_SSA_DEATH_66.dat,94120510
AIM_T_PR_SSA_DEATH_67.dat,94127540
AIM_T_PR_SSA_DEATH_68.dat,94292175
AIM_T_PR_SSA_DEATH_69.dat,94290275
AIM_T_PR_SSA_DEATH_6.dat,94184540
AIM_T_PR_SSA_DEATH_70.dat,94111390
AIM_T_PR_SSA_DEATH_71.dat,94270800
AIM_T_PR_SSA_DEATH_72.dat,94059805
AIM_T_PR_SSA_DEATH_73.dat,94162215
AIM_T_PR_SSA_DEATH_74.dat,94039190
AIM_T_PR_SSA_DEATH_75.dat,94220355
AIM_T_PR_SSA_DEATH_76.dat,94189100
AIM_T_PR_SSA_DEATH_77.dat,94128205
AIM_T_PR_SSA_DEATH_78.dat,94063985
AIM_T_PR_SSA_DEATH_79.dat,94018385
AIM_T_PR_SSA_DEATH_7.dat,94064555
AIM_T_PR_SSA_DEATH_80.dat,94049355
AIM_T_PR_SSA_DEATH_81.dat,94166015
AIM_T_PR_SSA_DEATH_82.dat,94069210
AIM_T_PR_SSA_DEATH_83.dat,94241350
AIM_T_PR_SSA_DEATH_84.dat,94107875
AIM_T_PR_SSA_DEATH_85.dat,94177225
AIM_T_PR_SSA_DEATH_86.dat,94231185
AIM_T_PR_SSA_DEATH_87.dat,94181025
AIM_T_PR_SSA_DEATH_88.dat,94164210
AIM_T_PR_SSA_DEATH_89.dat,94123360
AIM_T_PR_SSA_DEATH_8.dat,94218645
AIM_T_PR_SSA_DEATH_90.dat,94092200
AIM_T_PR_SSA_DEATH_91.dat,93961860
AIM_T_PR_SSA_DEATH_92.dat,94053725
AIM_T_PR_SSA_DEATH_9.dat,94058950
AIM_T_RE_ADDRESS_0.dat,210666923
AIM_T_RE_ADDRESS_1.dat,210636763
AIM_T_RE_ADDRESS_2.dat,210499651
AIM_T_RE_ADDRESS_3.dat,210659499
AIM_T_RE_ADDRESS_4.dat,210585027
AIM_T_RE_ADDRESS_5.dat,210527955
AIM_T_RE_ADDRESS_6.dat,210648131
AIM_T_RE_ADDRESS_7.dat,210622843
AIM_T_RE_BASE_0.dat,405066654
AIM_T_RE_BASE_1.dat,404834994
AIM_T_RE_BASE_2.dat,404852310
AIM_T_RE_BASE_3.dat,404870562
AIM_T_RE_CASE_0.dat,83298678
AIM_T_RE_CASE_1.dat,83523066
AIM_T_RE_CASE_2.dat,83272642
AIM_T_RE_CASE_3.dat,83498042
AIM_T_RE_CASE_4.dat,83327474
AIM_T_RE_CASE_5.dat,83376510
AIM_T_RE_CASE_6.dat,83337594
AIM_T_RE_CMS_MMA_ENROLL_0.dat,235406432
AIM_T_RE_CMS_MMA_ENROLL_10.dat,235738469
AIM_T_RE_CMS_MMA_ENROLL_11.dat,235814783
AIM_T_RE_CMS_MMA_ENROLL_12.dat,235798667
AIM_T_RE_CMS_MMA_ENROLL_13.dat,235746053
AIM_T_RE_CMS_MMA_ENROLL_14.dat,235991822
AIM_T_RE_CMS_MMA_ENROLL_15.dat,236050124
AIM_T_RE_CMS_MMA_ENROLL_16.dat,235958405
AIM_T_RE_CMS_MMA_ENROLL_17.dat,235748423
AIM_T_RE_CMS_MMA_ENROLL_18.dat,235854836
AIM_T_RE_CMS_MMA_ENROLL_19.dat,235674242
AIM_T_RE_CMS_MMA_ENROLL_1.dat,235789187
AIM_T_RE_CMS_MMA_ENROLL_20.dat,235504787
AIM_T_RE_CMS_MMA_ENROLL_21.dat,235250723
AIM_T_RE_CMS_MMA_ENROLL_22.dat,235464734
AIM_T_RE_CMS_MMA_ENROLL_23.dat,235332251
AIM_T_RE_CMS_MMA_ENROLL_24.dat,235787054
AIM_T_RE_CMS_MMA_ENROLL_25.dat,235573517
AIM_T_RE_CMS_MMA_ENROLL_26.dat,235640351
AIM_T_RE_CMS_MMA_ENROLL_27.dat,235389842
AIM_T_RE_CMS_MMA_ENROLL_28.dat,235574702
AIM_T_RE_CMS_MMA_ENROLL_29.dat,235856495
AIM_T_RE_CMS_MMA_ENROLL_2.dat,235699127
AIM_T_RE_CMS_MMA_ENROLL_30.dat,236061026
AIM_T_RE_CMS_MMA_ENROLL_31.dat,235718561
AIM_T_RE_CMS_MMA_ENROLL_32.dat,235844645
AIM_T_RE_CMS_MMA_ENROLL_33.dat,235697942
AIM_T_RE_CMS_MMA_ENROLL_34.dat,235758614
AIM_T_RE_CMS_MMA_ENROLL_35.dat,235511186
AIM_T_RE_CMS_MMA_ENROLL_36.dat,235772360
AIM_T_RE_CMS_MMA_ENROLL_37.dat,235585130
AIM_T_RE_CMS_MMA_ENROLL_38.dat,235256885
AIM_T_RE_CMS_MMA_ENROLL_39.dat,235562141
AIM_T_RE_CMS_MMA_ENROLL_3.dat,235640588
AIM_T_RE_CMS_MMA_ENROLL_40.dat,235529435
AIM_T_RE_CMS_MMA_ENROLL_41.dat,235930913
AIM_T_RE_CMS_MMA_ENROLL_42.dat,235436768
AIM_T_RE_CMS_MMA_ENROLL_43.dat,235486064
AIM_T_RE_CMS_MMA_ENROLL_4.dat,235556927
AIM_T_RE_CMS_MMA_ENROLL_5.dat,235395056
AIM_T_RE_CMS_MMA_ENROLL_6.dat,235552187
AIM_T_RE_CMS_MMA_ENROLL_7.dat,235555031
AIM_T_RE_CMS_MMA_ENROLL_8.dat,235638218
AIM_T_RE_CMS_MMA_ENROLL_9.dat,235521140
AIM_T_RE_DEATH_CHG_0.dat,8867609
AIM_T_RE_EVS_NAME_0.dat,49133036
AIM_T_RE_EVS_NAME_10.dat,49136003
AIM_T_RE_EVS_NAME_11.dat,49062662
AIM_T_RE_EVS_NAME_12.dat,49122451
AIM_T_RE_EVS_NAME_13.dat,49079975
AIM_T_RE_EVS_NAME_14.dat,49084821
AIM_T_RE_EVS_NAME_15.dat,49152244
AIM_T_RE_EVS_NAME_16.dat,49137060
AIM_T_RE_EVS_NAME_17.dat,49123005
AIM_T_RE_EVS_NAME_18.dat,49137111
AIM_T_RE_EVS_NAME_19.dat,49120556
AIM_T_RE_EVS_NAME_1.dat,49072020
AIM_T_RE_EVS_NAME_20.dat,49140952
AIM_T_RE_EVS_NAME_21.dat,49125229
AIM_T_RE_EVS_NAME_22.dat,49086281
AIM_T_RE_EVS_NAME_23.dat,49061605
AIM_T_RE_EVS_NAME_24.dat,49140184
AIM_T_RE_EVS_NAME_25.dat,49074511
AIM_T_RE_EVS_NAME_26.dat,49103718
AIM_T_RE_EVS_NAME_27.dat,49094573
AIM_T_RE_EVS_NAME_28.dat,49143190
AIM_T_RE_EVS_NAME_29.dat,49164289
AIM_T_RE_EVS_NAME_2.dat,49108517
AIM_T_RE_EVS_NAME_30.dat,49121040
AIM_T_RE_EVS_NAME_31.dat,49122625
AIM_T_RE_EVS_NAME_32.dat,49050511
AIM_T_RE_EVS_NAME_33.dat,49104069
AIM_T_RE_EVS_NAME_34.dat,49116632
AIM_T_RE_EVS_NAME_35.dat,49115365
AIM_T_RE_EVS_NAME_36.dat,49132724
AIM_T_RE_EVS_NAME_37.dat,49113447
AIM_T_RE_EVS_NAME_38.dat,49144767
AIM_T_RE_EVS_NAME_39.dat,49120035
AIM_T_RE_EVS_NAME_3.dat,49162514
AIM_T_RE_EVS_NAME_40.dat,49086225
AIM_T_RE_EVS_NAME_41.dat,49112341
AIM_T_RE_EVS_NAME_42.dat,49116951
AIM_T_RE_EVS_NAME_43.dat,49224178
AIM_T_RE_EVS_NAME_44.dat,49059605
AIM_T_RE_EVS_NAME_45.dat,49125394
AIM_T_RE_EVS_NAME_46.dat,49113468
AIM_T_RE_EVS_NAME_47.dat,49124781
AIM_T_RE_EVS_NAME_48.dat,49040487
AIM_T_RE_EVS_NAME_49.dat,49131167
AIM_T_RE_EVS_NAME_4.dat,49063209
AIM_T_RE_EVS_NAME_50.dat,49060633
AIM_T_RE_EVS_NAME_51.dat,49181030
AIM_T_RE_EVS_NAME_52.dat,49098157
AIM_T_RE_EVS_NAME_53.dat,49093863
AIM_T_RE_EVS_NAME_54.dat,49186070
AIM_T_RE_EVS_NAME_55.dat,49171225
AIM_T_RE_EVS_NAME_56.dat,49139054
AIM_T_RE_EVS_NAME_57.dat,49071381
AIM_T_RE_EVS_NAME_58.dat,49109813
AIM_T_RE_EVS_NAME_59.dat,49128921
AIM_T_RE_EVS_NAME_5.dat,49116767
AIM_T_RE_EVS_NAME_60.dat,49095037
AIM_T_RE_EVS_NAME_61.dat,49072875
AIM_T_RE_EVS_NAME_62.dat,49087990
AIM_T_RE_EVS_NAME_63.dat,49086607
AIM_T_RE_EVS_NAME_64.dat,49111997
AIM_T_RE_EVS_NAME_65.dat,49137188
AIM_T_RE_EVS_NAME_66.dat,49102012
AIM_T_RE_EVS_NAME_67.dat,49066229
AIM_T_RE_EVS_NAME_68.dat,49126412
AIM_T_RE_EVS_NAME_69.dat,49089549
AIM_T_RE_EVS_NAME_6.dat,49116925
AIM_T_RE_EVS_NAME_70.dat,49100252
AIM_T_RE_EVS_NAME_71.dat,49111239
AIM_T_RE_EVS_NAME_72.dat,49103229
AIM_T_RE_EVS_NAME_73.dat,49090018
AIM_T_RE_EVS_NAME_74.dat,49034111
AIM_T_RE_EVS_NAME_75.dat,49004263
AIM_T_RE_EVS_NAME_76.dat,49130457
AIM_T_RE_EVS_NAME_77.dat,49138659
AIM_T_RE_EVS_NAME_78.dat,49101687
AIM_T_RE_EVS_NAME_79.dat,49109480
AIM_T_RE_EVS_NAME_7.dat,49087474
AIM_T_RE_EVS_NAME_80.dat,49150034
AIM_T_RE_EVS_NAME_81.dat,49069277
AIM_T_RE_EVS_NAME_82.dat,49141788
AIM_T_RE_EVS_NAME_83.dat,49050251
AIM_T_RE_EVS_NAME_84.dat,49093373
AIM_T_RE_EVS_NAME_85.dat,49128544
AIM_T_RE_EVS_NAME_86.dat,49051009
AIM_T_RE_EVS_NAME_87.dat,49076358
AIM_T_RE_EVS_NAME_88.dat,49034838
AIM_T_RE_EVS_NAME_89.dat,49186757
AIM_T_RE_EVS_NAME_8.dat,49114553
AIM_T_RE_EVS_NAME_90.dat,49137349
AIM_T_RE_EVS_NAME_91.dat,49102818
AIM_T_RE_EVS_NAME_92.dat,49081506
AIM_T_RE_EVS_NAME_93.dat,49096149
AIM_T_RE_EVS_NAME_94.dat,49101191
AIM_T_RE_EVS_NAME_95.dat,49130281
AIM_T_RE_EVS_NAME_9.dat,49152223
AIM_T_RE_EVS_TXN_0.dat,59810900
AIM_T_RE_EVS_TXN_100.dat,59896040
AIM_T_RE_EVS_TXN_101.dat,59856080
AIM_T_RE_EVS_TXN_102.dat,59794640
AIM_T_RE_EVS_TXN_103.dat,59858060
AIM_T_RE_EVS_TXN_104.dat,59891660
AIM_T_RE_EVS_TXN_105.dat,59892080
AIM_T_RE_EVS_TXN_106.dat,59934740
AIM_T_RE_EVS_TXN_107.dat,59832140
AIM_T_RE_EVS_TXN_108.dat,59869220
AIM_T_RE_EVS_TXN_109.dat,59835260
AIM_T_RE_EVS_TXN_10.dat,59967260
AIM_T_RE_EVS_TXN_110.dat,59983760
AIM_T_RE_EVS_TXN_111.dat,59858840
AIM_T_RE_EVS_TXN_112.dat,59933180
AIM_T_RE_EVS_TXN_113.dat,59816000
AIM_T_RE_EVS_TXN_114.dat,59946080
AIM_T_RE_EVS_TXN_115.dat,59914940
AIM_T_RE_EVS_TXN_116.dat,59812160
AIM_T_RE_EVS_TXN_117.dat,59925980
AIM_T_RE_EVS_TXN_118.dat,59876180
AIM_T_RE_EVS_TXN_119.dat,59993300
AIM_T_RE_EVS_TXN_11.dat,59950940
AIM_T_RE_EVS_TXN_120.dat,59897720
AIM_T_RE_EVS_TXN_121.dat,59890640
AIM_T_RE_EVS_TXN_122.dat,59966840
AIM_T_RE_EVS_TXN_123.dat,59839160
AIM_T_RE_EVS_TXN_124.dat,59827340
AIM_T_RE_EVS_TXN_125.dat,59900840
AIM_T_RE_EVS_TXN_126.dat,59930300
AIM_T_RE_EVS_TXN_127.dat,59817860
AIM_T_RE_EVS_TXN_128.dat,59951420
AIM_T_RE_EVS_TXN_129.dat,59802200
AIM_T_RE_EVS_TXN_12.dat,59896880
AIM_T_RE_EVS_TXN_130.dat,59828900
AIM_T_RE_EVS_TXN_131.dat,59890280
AIM_T_RE_EVS_TXN_132.dat,59936780
AIM_T_RE_EVS_TXN_133.dat,59851760
AIM_T_RE_EVS_TXN_134.dat,59865920
AIM_T_RE_EVS_TXN_135.dat,59935220
AIM_T_RE_EVS_TXN_136.dat,59851940
AIM_T_RE_EVS_TXN_137.dat,59856320
AIM_T_RE_EVS_TXN_138.dat,59821940
AIM_T_RE_EVS_TXN_139.dat,59886980
AIM_T_RE_EVS_TXN_13.dat,59879180
AIM_T_RE_EVS_TXN_140.dat,59933180
AIM_T_RE_EVS_TXN_141.dat,59784500
AIM_T_RE_EVS_TXN_142.dat,59821580
AIM_T_RE_EVS_TXN_143.dat,59850380
AIM_T_RE_EVS_TXN_144.dat,59847140
AIM_T_RE_EVS_TXN_145.dat,59852480
AIM_T_RE_EVS_TXN_146.dat,59905220
AIM_T_RE_EVS_TXN_147.dat,59886140
AIM_T_RE_EVS_TXN_148.dat,59886200
AIM_T_RE_EVS_TXN_149.dat,59838260
AIM_T_RE_EVS_TXN_14.dat,59905940
AIM_T_RE_EVS_TXN_150.dat,59816240
AIM_T_RE_EVS_TXN_151.dat,59771660
AIM_T_RE_EVS_TXN_152.dat,59896520
AIM_T_RE_EVS_TXN_153.dat,59879000
AIM_T_RE_EVS_TXN_154.dat,59802560
AIM_T_RE_EVS_TXN_155.dat,59961260
AIM_T_RE_EVS_TXN_156.dat,59907200
AIM_T_RE_EVS_TXN_157.dat,59888180
AIM_T_RE_EVS_TXN_158.dat,59921960
AIM_T_RE_EVS_TXN_159.dat,59919320
AIM_T_RE_EVS_TXN_15.dat,59961140
AIM_T_RE_EVS_TXN_160.dat,59826440
AIM_T_RE_EVS_TXN_161.dat,59879840
AIM_T_RE_EVS_TXN_162.dat,59850920
AIM_T_RE_EVS_TXN_163.dat,59905160
AIM_T_RE_EVS_TXN_164.dat,59903060
AIM_T_RE_EVS_TXN_165.dat,59844200
AIM_T_RE_EVS_TXN_166.dat,59850740
AIM_T_RE_EVS_TXN_167.dat,59807720
AIM_T_RE_EVS_TXN_168.dat,59876300
AIM_T_RE_EVS_TXN_169.dat,59851940
AIM_T_RE_EVS_TXN_16.dat,59885780
AIM_T_RE_EVS_TXN_170.dat,59895500
AIM_T_RE_EVS_TXN_171.dat,59803220
AIM_T_RE_EVS_TXN_172.dat,59904860
AIM_T_RE_EVS_TXN_173.dat,59887400
AIM_T_RE_EVS_TXN_174.dat,59988620
AIM_T_RE_EVS_TXN_175.dat,59886320
AIM_T_RE_EVS_TXN_176.dat,59860340
AIM_T_RE_EVS_TXN_177.dat,59856920
AIM_T_RE_EVS_TXN_178.dat,59799920
AIM_T_RE_EVS_TXN_179.dat,59962340
AIM_T_RE_EVS_TXN_17.dat,59803400
AIM_T_RE_EVS_TXN_180.dat,60032001
AIM_T_RE_EVS_TXN_181.dat,59921180
AIM_T_RE_EVS_TXN_182.dat,59871020
AIM_T_RE_EVS_TXN_183.dat,59952380
AIM_T_RE_EVS_TXN_184.dat,60073401
AIM_T_RE_EVS_TXN_185.dat,59862980
AIM_T_RE_EVS_TXN_186.dat,59912420
AIM_T_RE_EVS_TXN_187.dat,59873540
AIM_T_RE_EVS_TXN_188.dat,59904620
AIM_T_RE_EVS_TXN_189.dat,59911340
AIM_T_RE_EVS_TXN_18.dat,59943080
AIM_T_RE_EVS_TXN_190.dat,59849120
AIM_T_RE_EVS_TXN_191.dat,59725520
AIM_T_RE_EVS_TXN_192.dat,59895980
AIM_T_RE_EVS_TXN_193.dat,59900480
AIM_T_RE_EVS_TXN_194.dat,59820380
AIM_T_RE_EVS_TXN_195.dat,59875280
AIM_T_RE_EVS_TXN_196.dat,59870660
AIM_T_RE_EVS_TXN_197.dat,59911580
AIM_T_RE_EVS_TXN_198.dat,59928560
AIM_T_RE_EVS_TXN_199.dat,59940440
AIM_T_RE_EVS_TXN_19.dat,59837540
AIM_T_RE_EVS_TXN_1.dat,59846660
AIM_T_RE_EVS_TXN_200.dat,59930540
AIM_T_RE_EVS_TXN_201.dat,60047841
AIM_T_RE_EVS_TXN_202.dat,59837960
AIM_T_RE_EVS_TXN_203.dat,59876000
AIM_T_RE_EVS_TXN_204.dat,59952800
AIM_T_RE_EVS_TXN_205.dat,59757020
AIM_T_RE_EVS_TXN_206.dat,59859080
AIM_T_RE_EVS_TXN_207.dat,59704520
AIM_T_RE_EVS_TXN_208.dat,59887820
AIM_T_RE_EVS_TXN_209.dat,59825240
AIM_T_RE_EVS_TXN_20.dat,59910500
AIM_T_RE_EVS_TXN_210.dat,59876060
AIM_T_RE_EVS_TXN_211.dat,59886560
AIM_T_RE_EVS_TXN_212.dat,59856440
AIM_T_RE_EVS_TXN_213.dat,59806280
AIM_T_RE_EVS_TXN_214.dat,59953160
AIM_T_RE_EVS_TXN_215.dat,59818340
AIM_T_RE_EVS_TXN_216.dat,59919620
AIM_T_RE_EVS_TXN_217.dat,59817440
AIM_T_RE_EVS_TXN_218.dat,59921480
AIM_T_RE_EVS_TXN_219.dat,59882540
AIM_T_RE_EVS_TXN_21.dat,59896700
AIM_T_RE_EVS_TXN_220.dat,59759720
AIM_T_RE_EVS_TXN_221.dat,59915420
AIM_T_RE_EVS_TXN_222.dat,59947520
AIM_T_RE_EVS_TXN_223.dat,59848100
AIM_T_RE_EVS_TXN_224.dat,59937260
AIM_T_RE_EVS_TXN_225.dat,60010881
AIM_T_RE_EVS_TXN_226.dat,59916980
AIM_T_RE_EVS_TXN_227.dat,59889260
AIM_T_RE_EVS_TXN_228.dat,59909420
AIM_T_RE_EVS_TXN_229.dat,59913560
AIM_T_RE_EVS_TXN_22.dat,59848160
AIM_T_RE_EVS_TXN_230.dat,59860760
AIM_T_RE_EVS_TXN_231.dat,59824460
AIM_T_RE_EVS_TXN_232.dat,59849120
AIM_T_RE_EVS_TXN_233.dat,59930240
AIM_T_RE_EVS_TXN_234.dat,59921540
AIM_T_RE_EVS_TXN_235.dat,59947940
AIM_T_RE_EVS_TXN_236.dat,59779460
AIM_T_RE_EVS_TXN_237.dat,59936900
AIM_T_RE_EVS_TXN_238.dat,59840360
AIM_T_RE_EVS_TXN_239.dat,59839880
AIM_T_RE_EVS_TXN_23.dat,59888960
AIM_T_RE_EVS_TXN_240.dat,59903060
AIM_T_RE_EVS_TXN_24.dat,59935880
AIM_T_RE_EVS_TXN_25.dat,59823980
AIM_T_RE_EVS_TXN_26.dat,59782520
AIM_T_RE_EVS_TXN_27.dat,59878160
AIM_T_RE_EVS_TXN_28.dat,59900780
AIM_T_RE_EVS_TXN_29.dat,59910020
AIM_T_RE_EVS_TXN_2.dat,59834060
AIM_T_RE_EVS_TXN_30.dat,59922260
AIM_T_RE_EVS_TXN_31.dat,59842520
AIM_T_RE_EVS_TXN_32.dat,59934680
AIM_T_RE_EVS_TXN_33.dat,59953400
AIM_T_RE_EVS_TXN_34.dat,59885840
AIM_T_RE_EVS_TXN_35.dat,59898740
AIM_T_RE_EVS_TXN_36.dat,59757020
AIM_T_RE_EVS_TXN_37.dat,59923760
AIM_T_RE_EVS_TXN_38.dat,59914280
AIM_T_RE_EVS_TXN_39.dat,59772080
AIM_T_RE_EVS_TXN_3.dat,59938760
AIM_T_RE_EVS_TXN_40.dat,59888660
AIM_T_RE_EVS_TXN_41.dat,59882660
AIM_T_RE_EVS_TXN_42.dat,59863640
AIM_T_RE_EVS_TXN_43.dat,59800160
AIM_T_RE_EVS_TXN_44.dat,59872280
AIM_T_RE_EVS_TXN_45.dat,59904680
AIM_T_RE_EVS_TXN_46.dat,59824100
AIM_T_RE_EVS_TXN_47.dat,59893340
AIM_T_RE_EVS_TXN_48.dat,59916500
AIM_T_RE_EVS_TXN_49.dat,59751860
AIM_T_RE_EVS_TXN_4.dat,59781980
AIM_T_RE_EVS_TXN_50.dat,59901200
AIM_T_RE_EVS_TXN_51.dat,59845760
AIM_T_RE_EVS_TXN_52.dat,59920820
AIM_T_RE_EVS_TXN_53.dat,59939180
AIM_T_RE_EVS_TXN_54.dat,59905280
AIM_T_RE_EVS_TXN_55.dat,59861720
AIM_T_RE_EVS_TXN_56.dat,59940740
AIM_T_RE_EVS_TXN_57.dat,59835560
AIM_T_RE_EVS_TXN_58.dat,59940800
AIM_T_RE_EVS_TXN_59.dat,59906180
AIM_T_RE_EVS_TXN_5.dat,59943200
AIM_T_RE_EVS_TXN_60.dat,59851160
AIM_T_RE_EVS_TXN_61.dat,60001521
AIM_T_RE_EVS_TXN_62.dat,59950580
AIM_T_RE_EVS_TXN_63.dat,59803280
AIM_T_RE_EVS_TXN_64.dat,59925260
AIM_T_RE_EVS_TXN_65.dat,59880680
AIM_T_RE_EVS_TXN_66.dat,59920100
AIM_T_RE_EVS_TXN_67.dat,59913680
AIM_T_RE_EVS_TXN_68.dat,59807240
AIM_T_RE_EVS_TXN_69.dat,59868740
AIM_T_RE_EVS_TXN_6.dat,59861660
AIM_T_RE_EVS_TXN_70.dat,59816180
AIM_T_RE_EVS_TXN_71.dat,59941940
AIM_T_RE_EVS_TXN_72.dat,59865380
AIM_T_RE_EVS_TXN_73.dat,59857100
AIM_T_RE_EVS_TXN_74.dat,59882300
AIM_T_RE_EVS_TXN_75.dat,59859020
AIM_T_RE_EVS_TXN_76.dat,59851040
AIM_T_RE_EVS_TXN_77.dat,59899340
AIM_T_RE_EVS_TXN_78.dat,59771360
AIM_T_RE_EVS_TXN_79.dat,59952680
AIM_T_RE_EVS_TXN_7.dat,59877020
AIM_T_RE_EVS_TXN_80.dat,59883620
AIM_T_RE_EVS_TXN_81.dat,59942540
AIM_T_RE_EVS_TXN_82.dat,59839760
AIM_T_RE_EVS_TXN_83.dat,59858900
AIM_T_RE_EVS_TXN_84.dat,59826740
AIM_T_RE_EVS_TXN_85.dat,59811080
AIM_T_RE_EVS_TXN_86.dat,59741000
AIM_T_RE_EVS_TXN_87.dat,59907620
AIM_T_RE_EVS_TXN_88.dat,59952560
AIM_T_RE_EVS_TXN_89.dat,59869760
AIM_T_RE_EVS_TXN_8.dat,59938220
AIM_T_RE_EVS_TXN_90.dat,59907800
AIM_T_RE_EVS_TXN_91.dat,59878400
AIM_T_RE_EVS_TXN_92.dat,59862920
AIM_T_RE_EVS_TXN_93.dat,59827220
AIM_T_RE_EVS_TXN_94.dat,59832980
AIM_T_RE_EVS_TXN_95.dat,59865560
AIM_T_RE_EVS_TXN_96.dat,59892560
AIM_T_RE_EVS_TXN_97.dat,59958380
AIM_T_RE_EVS_TXN_98.dat,59860100
AIM_T_RE_EVS_TXN_99.dat,59800340
AIM_T_RE_EVS_TXN_9.dat,59883500
AIM_T_RE_HIB_0.dat,43171450
AIM_T_RE_HIB_1.dat,43174854
AIM_T_RE_HIST_ERR_0.dat,223061592
AIM_T_RE_HIST_ERR_10.dat,222898773
AIM_T_RE_HIST_ERR_11.dat,223558751
AIM_T_RE_HIST_ERR_12.dat,222794349
AIM_T_RE_HIST_ERR_13.dat,223184107
AIM_T_RE_HIST_ERR_14.dat,223208610
AIM_T_RE_HIST_ERR_15.dat,223092736
AIM_T_RE_HIST_ERR_16.dat,223230136
AIM_T_RE_HIST_ERR_17.dat,222825722
AIM_T_RE_HIST_ERR_18.dat,223230136
AIM_T_RE_HIST_ERR_19.dat,223359979
AIM_T_RE_HIST_ERR_1.dat,223021517
AIM_T_RE_HIST_ERR_20.dat,223586231
AIM_T_RE_HIST_ERR_21.dat,223386772
AIM_T_RE_HIST_ERR_22.dat,223320820
AIM_T_RE_HIST_ERR_23.dat,223047394
AIM_T_RE_HIST_ERR_24.dat,223225098
AIM_T_RE_HIST_ERR_25.dat,223607299
AIM_T_RE_HIST_ERR_26.dat,223090217
AIM_T_RE_HIST_ERR_27.dat,222674582
AIM_T_RE_HIST_ERR_28.dat,223292653
AIM_T_RE_HIST_ERR_29.dat,223169680
AIM_T_RE_HIST_ERR_2.dat,222736412
AIM_T_RE_HIST_ERR_30.dat,222864881
AIM_T_RE_HIST_ERR_31.dat,223172428
AIM_T_RE_HIST_ERR_32.dat,223127544
AIM_T_RE_HIST_ERR_33.dat,223351277
AIM_T_RE_HIST_ERR_34.dat,222558708
AIM_T_RE_HIST_ERR_3.dat,222792059
AIM_T_RE_HIST_ERR_4.dat,223204259
AIM_T_RE_HIST_ERR_5.dat,223135788
AIM_T_RE_HIST_ERR_6.dat,222691299
AIM_T_RE_HIST_ERR_7.dat,223181588
AIM_T_RE_HIST_ERR_8.dat,223181817
AIM_T_RE_HIST_ERR_9.dat,223284867
AIM_T_RE_HIST_LOG_0.dat,4025744372
AIM_T_RE_HIST_LOG_10.dat,4031482909
AIM_T_RE_HIST_LOG_11.dat,4037587476
AIM_T_RE_HIST_LOG_12.dat,4025870449
AIM_T_RE_HIST_LOG_13.dat,4030165201
AIM_T_RE_HIST_LOG_14.dat,4031499177
AIM_T_RE_HIST_LOG_15.dat,4032959230
AIM_T_RE_HIST_LOG_16.dat,4031299894
AIM_T_RE_HIST_LOG_17.dat,4028046294
AIM_T_RE_HIST_LOG_18.dat,4023771877
AIM_T_RE_HIST_LOG_19.dat,4031145348
AIM_T_RE_HIST_LOG_1.dat,4025955856
AIM_T_RE_HIST_LOG_20.dat,4033650620
AIM_T_RE_HIST_LOG_21.dat,4036534123
AIM_T_RE_HIST_LOG_22.dat,4029965918
AIM_T_RE_HIST_LOG_23.dat,4028664478
AIM_T_RE_HIST_LOG_24.dat,4024178577
AIM_T_RE_HIST_LOG_25.dat,4023479053
AIM_T_RE_HIST_LOG_26.dat,4019416120
AIM_T_RE_HIST_LOG_27.dat,4030840323
AIM_T_RE_HIST_LOG_28.dat,4039214276
AIM_T_RE_HIST_LOG_29.dat,4026614710
AIM_T_RE_HIST_LOG_2.dat,4034500623
AIM_T_RE_HIST_LOG_30.dat,4037493935
AIM_T_RE_HIST_LOG_31.dat,4030824055
AIM_T_RE_HIST_LOG_32.dat,4035395363
AIM_T_RE_HIST_LOG_33.dat,4029595821
AIM_T_RE_HIST_LOG_34.dat,4033996315
AIM_T_RE_HIST_LOG_35.dat,4029746300
AIM_T_RE_HIST_LOG_36.dat,4040763803
AIM_T_RE_HIST_LOG_37.dat,4033219518
AIM_T_RE_HIST_LOG_38.dat,4034207799
AIM_T_RE_HIST_LOG_39.dat,4030742715
AIM_T_RE_HIST_LOG_3.dat,4033573347
AIM_T_RE_HIST_LOG_40.dat,4032336979
AIM_T_RE_HIST_LOG_41.dat,4028847493
AIM_T_RE_HIST_LOG_42.dat,4038266665
AIM_T_RE_HIST_LOG_43.dat,4038994658
AIM_T_RE_HIST_LOG_44.dat,4024280252
AIM_T_RE_HIST_LOG_45.dat,4029921181
AIM_T_RE_HIST_LOG_46.dat,4026667581
AIM_T_RE_HIST_LOG_47.dat,4031165683
AIM_T_RE_HIST_LOG_48.dat,4022702256
AIM_T_RE_HIST_LOG_49.dat,4034008516
AIM_T_RE_HIST_LOG_4.dat,4031820470
AIM_T_RE_HIST_LOG_50.dat,4023617331
AIM_T_RE_HIST_LOG_51.dat,4035440100
AIM_T_RE_HIST_LOG_52.dat,4035749192
AIM_T_RE_HIST_LOG_53.dat,4024752024
AIM_T_RE_HIST_LOG_54.dat,4032389850
AIM_T_RE_HIST_LOG_55.dat,4034931725
AIM_T_RE_HIST_LOG_56.dat,4031474775
AIM_T_RE_HIST_LOG_57.dat,4030697978
AIM_T_RE_HIST_LOG_58.dat,4031462574
AIM_T_RE_HIST_LOG_59.dat,4030571901
AIM_T_RE_HIST_LOG_5.dat,4029193188
AIM_T_RE_HIST_LOG_60.dat,4024422597
AIM_T_RE_HIST_LOG_61.dat,4031592718
AIM_T_RE_HIST_LOG_62.dat,4033280523
AIM_T_RE_HIST_LOG_63.dat,4032040088
AIM_T_RE_HIST_LOG_64.dat,4039702316
AIM_T_RE_HIST_LOG_65.dat,4032214969
AIM_T_RE_HIST_LOG_66.dat,4025077384
AIM_T_RE_HIST_LOG_67.dat,4031743197
AIM_T_RE_HIST_LOG_68.dat,4025886717
AIM_T_RE_HIST_LOG_69.dat,4031600852
AIM_T_RE_HIST_LOG_6.dat,4032613535
AIM_T_RE_HIST_LOG_70.dat,4031389368
AIM_T_RE_HIST_LOG_71.dat,4033186982
AIM_T_RE_HIST_LOG_72.dat,4027790073
AIM_T_RE_HIST_LOG_73.dat,4029355868
AIM_T_RE_HIST_LOG_74.dat,4033898707
AIM_T_RE_HIST_LOG_75.dat,4039714517
AIM_T_RE_HIST_LOG_76.dat,4031783867
AIM_T_RE_HIST_LOG_77.dat,4028217108
AIM_T_RE_HIST_LOG_78.dat,4026236479
AIM_T_RE_HIST_LOG_79.dat,4031857073
AIM_T_RE_HIST_LOG_7.dat,4031942480
AIM_T_RE_HIST_LOG_80.dat,4032556597
AIM_T_RE_HIST_LOG_81.dat,4034923591
AIM_T_RE_HIST_LOG_82.dat,4039120735
AIM_T_RE_HIST_LOG_83.dat,4026704184
AIM_T_RE_HIST_LOG_84.dat,4021941727
AIM_T_RE_HIST_LOG_85.dat,4033764496
AIM_T_RE_HIST_LOG_86.dat,4027452512
AIM_T_RE_HIST_LOG_87.dat,4036058284
AIM_T_RE_HIST_LOG_88.dat,4034142727
AIM_T_RE_HIST_LOG_89.dat,4028432659
AIM_T_RE_HIST_LOG_8.dat,4029986253
AIM_T_RE_HIST_LOG_90.dat,4037229580
AIM_T_RE_HIST_LOG_91.dat,4031242956
AIM_T_RE_HIST_LOG_92.dat,4028692947
AIM_T_RE_HIST_LOG_93.dat,4028993905
AIM_T_RE_HIST_LOG_94.dat,4022738859
AIM_T_RE_HIST_LOG_9.dat,4033121910
AIM_T_RE_IMPACT_LOG_0.dat,21873784
AIM_T_RE_IMPACT_LOG_10.dat,21843226
AIM_T_RE_IMPACT_LOG_11.dat,21881044
AIM_T_RE_IMPACT_LOG_12.dat,21894640
AIM_T_RE_IMPACT_LOG_13.dat,21894046
AIM_T_RE_IMPACT_LOG_14.dat,21857944
AIM_T_RE_IMPACT_LOG_15.dat,21901394
AIM_T_RE_IMPACT_LOG_16.dat,21894310
AIM_T_RE_IMPACT_LOG_17.dat,21861112
AIM_T_RE_IMPACT_LOG_18.dat,21876270
AIM_T_RE_IMPACT_LOG_19.dat,21883024
AIM_T_RE_IMPACT_LOG_1.dat,21910920
AIM_T_RE_IMPACT_LOG_20.dat,21879680
AIM_T_RE_IMPACT_LOG_21.dat,21880208
AIM_T_RE_IMPACT_LOG_22.dat,21869406
AIM_T_RE_IMPACT_LOG_23.dat,21884278
AIM_T_RE_IMPACT_LOG_24.dat,21863488
AIM_T_RE_IMPACT_LOG_25.dat,21848748
AIM_T_RE_IMPACT_LOG_26.dat,21886016
AIM_T_RE_IMPACT_LOG_27.dat,21896070
AIM_T_RE_IMPACT_LOG_28.dat,21879196
AIM_T_RE_IMPACT_LOG_29.dat,21886434
AIM_T_RE_IMPACT_LOG_2.dat,21854974
AIM_T_RE_IMPACT_LOG_30.dat,21866414
AIM_T_RE_IMPACT_LOG_31.dat,21888392
AIM_T_RE_IMPACT_LOG_32.dat,21836384
AIM_T_RE_IMPACT_LOG_33.dat,21875170
AIM_T_RE_IMPACT_LOG_34.dat,21854402
AIM_T_RE_IMPACT_LOG_35.dat,21862014
AIM_T_RE_IMPACT_LOG_36.dat,21878800
AIM_T_RE_IMPACT_LOG_37.dat,21885532
AIM_T_RE_IMPACT_LOG_38.dat,21893320
AIM_T_RE_IMPACT_LOG_39.dat,21912900
AIM_T_RE_IMPACT_LOG_3.dat,21851388
AIM_T_RE_IMPACT_LOG_40.dat,21854776
AIM_T_RE_IMPACT_LOG_41.dat,21871056
AIM_T_RE_IMPACT_LOG_42.dat,21907356
AIM_T_RE_IMPACT_LOG_43.dat,21832732
AIM_T_RE_IMPACT_LOG_44.dat,21858802
AIM_T_RE_IMPACT_LOG_45.dat,21891582
AIM_T_RE_IMPACT_LOG_46.dat,21860914
AIM_T_RE_IMPACT_LOG_47.dat,21881792
AIM_T_RE_IMPACT_LOG_48.dat,21906300
AIM_T_RE_IMPACT_LOG_49.dat,21899480
AIM_T_RE_IMPACT_LOG_4.dat,21853060
AIM_T_RE_IMPACT_LOG_50.dat,21891054
AIM_T_RE_IMPACT_LOG_51.dat,21876886
AIM_T_RE_IMPACT_LOG_52.dat,21884256
AIM_T_RE_IMPACT_LOG_53.dat,21916486
AIM_T_RE_IMPACT_LOG_54.dat,21874862
AIM_T_RE_IMPACT_LOG_55.dat,21886016
AIM_T_RE_IMPACT_LOG_56.dat,21863202
AIM_T_RE_IMPACT_LOG_57.dat,21839926
AIM_T_RE_IMPACT_LOG_58.dat,21897368
AIM_T_RE_IMPACT_LOG_59.dat,21916464
AIM_T_RE_IMPACT_LOG_5.dat,21858626
AIM_T_RE_IMPACT_LOG_60.dat,21889382
AIM_T_RE_IMPACT_LOG_61.dat,21898732
AIM_T_RE_IMPACT_LOG_62.dat,21870594
AIM_T_RE_IMPACT_LOG_63.dat,21918598
AIM_T_RE_IMPACT_LOG_64.dat,21902494
AIM_T_RE_IMPACT_LOG_65.dat,21879064
AIM_T_RE_IMPACT_LOG_66.dat,21888766
AIM_T_RE_IMPACT_LOG_67.dat,21907642
AIM_T_RE_IMPACT_LOG_68.dat,21908764
AIM_T_RE_IMPACT_LOG_69.dat,21854842
AIM_T_RE_IMPACT_LOG_6.dat,21882144
AIM_T_RE_IMPACT_LOG_70.dat,21886742
AIM_T_RE_IMPACT_LOG_71.dat,21844040
AIM_T_RE_IMPACT_LOG_72.dat,21887116
AIM_T_RE_IMPACT_LOG_73.dat,21917146
AIM_T_RE_IMPACT_LOG_74.dat,21899524
AIM_T_RE_IMPACT_LOG_75.dat,21897698
AIM_T_RE_IMPACT_LOG_76.dat,21883090
AIM_T_RE_IMPACT_LOG_77.dat,21913956
AIM_T_RE_IMPACT_LOG_78.dat,21848330
AIM_T_RE_IMPACT_LOG_79.dat,21890724
AIM_T_RE_IMPACT_LOG_7.dat,21900272
AIM_T_RE_IMPACT_LOG_80.dat,21879460
AIM_T_RE_IMPACT_LOG_81.dat,21863708
AIM_T_RE_IMPACT_LOG_82.dat,21861904
AIM_T_RE_IMPACT_LOG_83.dat,21881418
AIM_T_RE_IMPACT_LOG_84.dat,21843908
AIM_T_RE_IMPACT_LOG_85.dat,21868680
AIM_T_RE_IMPACT_LOG_86.dat,21847142
AIM_T_RE_IMPACT_LOG_87.dat,21910898
AIM_T_RE_IMPACT_LOG_88.dat,21885026
AIM_T_RE_IMPACT_LOG_89.dat,21933338
AIM_T_RE_IMPACT_LOG_8.dat,21907466
AIM_T_RE_IMPACT_LOG_90.dat,21874004
AIM_T_RE_IMPACT_LOG_91.dat,21891318
AIM_T_RE_IMPACT_LOG_92.dat,21893298
AIM_T_RE_IMPACT_LOG_9.dat,21862476
AIM_T_RE_MBI_0.dat,46558608
AIM_T_RE_MULTI_ADDRESS_0.dat,303442320
AIM_T_RE_MULTI_ADDRESS_1.dat,303507100
AIM_T_RE_NAME_XREF_0.dat,47136423
AIM_T_RE_NAME_XREF_1.dat,47155701
AIM_T_RE_NICKNAME_0.dat,66019650
AIM_T_RE_NICKNAME_1.dat,66003173
AIM_T_RE_NICKNAME_2.dat,66041157
AIM_T_RE_NICKNAME_3.dat,66034665
AIM_T_RE_PREV_SSN_0.dat,26195195
AIM_T_RE_PS2_ERR_0.dat,183856102
AIM_T_RE_PS2_LOG_0.dat,3397445740
files.csv,49172
