table,filename,file_name_simple,date,timestamp
,AIM.T_ACA_ENHANCED_RATES_0.gz,AIM.T_ACA_ENHANCED_RATES_0,3/5/2026,10:05:34
,AIM.T_ADJ_MASS_CLAIM_0.gz,AIM.T_ADJ_MASS_CLAIM_0,3/5/2026,10:05:34
,AIM.T_ADJ_MASS_CLAIM_1.gz,AIM.T_ADJ_MASS_CLAIM_1,3/5/2026,10:05:34
,AIM.T_ADJ_MASS_CLAIM_2.gz,AIM.T_ADJ_MASS_CLAIM_2,3/5/2026,10:05:34
,AIM.T_ADJ_MASS_CLAIM_3.gz,AIM.T_ADJ_MASS_CLAIM_3,3/5/2026,10:05:34
,AIM.T_ADJ_MASS_CLAIM_4.gz,AIM.T_ADJ_MASS_CLAIM_4,3/5/2026,10:05:34
,AIM.T_ADJ_MASS_CLAIM_5.gz,AIM.T_ADJ_MASS_CLAIM_5,3/5/2026,10:05:34
,AIM.T_ADJ_MASS_CLAIM_6.gz,AIM.T_ADJ_MASS_CLAIM_6,3/5/2026,10:05:34
,AIM.T_ADJ_MASS_CLAIM_7.gz,AIM.T_ADJ_MASS_CLAIM_7,3/5/2026,10:05:34
,AIM.T_ADJ_MASS_RQST_0.gz,AIM.T_ADJ_MASS_RQST_0,3/5/2026,10:05:34
,AIM.T_ADJMS_DATES_0.gz,AIM.T_ADJMS_DATES_0,3/5/2026,10:05:34
,AIM.T_ADJMS_MODIF_0.gz,AIM.T_ADJMS_MODIF_0,3/5/2026,10:05:34
,AIM.T_ADJMS_PRSPEC_0.gz,AIM.T_ADJMS_PRSPEC_0,3/5/2026,10:05:34
,AIM.T_ADJMS_PRSVC_0.gz,AIM.T_ADJMS_PRSVC_0,3/5/2026,10:05:34
,AIM.T_ADJMS_REVENUE_0.gz,AIM.T_ADJMS_REVENUE_0,3/5/2026,10:05:34
,AIM.T_ADJ_RULES_0.gz,AIM.T_ADJ_RULES_0,3/5/2026,10:05:34
,AIM.T_ADJ_VOID_RQST_0.gz,AIM.T_ADJ_VOID_RQST_0,3/5/2026,10:05:34
,AIM.T_APC_0.gz,AIM.T_APC_0,3/5/2026,10:05:34
,AIM.T_APC_DISCOUNT_FORMULAS_0.gz,AIM.T_APC_DISCOUNT_FORMULAS_0,3/5/2026,10:05:34
,AIM.T_APC_DISCOUNT_VARIABLES_0.gz,AIM.T_APC_DISCOUNT_VARIABLES_0,3/5/2026,10:05:34
,AIM.T_APC_GROUP_0.gz,AIM.T_APC_GROUP_0,3/5/2026,10:05:34
,AIM.T_APC_OUTLIER_THRESHOLD_0.gz,AIM.T_APC_OUTLIER_THRESHOLD_0,3/5/2026,10:05:34
,AIM.T_APC_PARM_0.gz,AIM.T_APC_PARM_0,3/5/2026,10:05:34
,AIM.T_APC_RATE_0.gz,AIM.T_APC_RATE_0,3/5/2026,10:05:34
,AIM.T_APC_STATUS_IND_0.gz,AIM.T_APC_STATUS_IND_0,3/5/2026,10:05:34
,AIM.T_APC_STATUS_IND_GROUP_0.gz,AIM.T_APC_STATUS_IND_GROUP_0,3/5/2026,10:05:34
,AIM.T_APC_STATUS_IND_TYPE_0.gz,AIM.T_APC_STATUS_IND_TYPE_0,3/5/2026,10:05:34
,AIM.T_APC_TYPE_0.gz,AIM.T_APC_TYPE_0,3/5/2026,10:05:34
,AIM.T_ATP_FEE_0.gz,AIM.T_ATP_FEE_0,3/5/2026,10:05:34
,AIM.T_AUDIT_AGEREST_0.gz,AIM.T_AUDIT_AGEREST_0,3/5/2026,10:05:34
,AIM.T_AUDIT_CLAIM_FORM_0.gz,AIM.T_AUDIT_CLAIM_FORM_0,3/5/2026,10:05:34
,AIM.T_AUDIT_CL_FORM_X_0.gz,AIM.T_AUDIT_CL_FORM_X_0,3/5/2026,10:05:34
,AIM.T_AUDIT_CL_TYPE_X_0.gz,AIM.T_AUDIT_CL_TYPE_X_0,3/5/2026,10:05:34
,AIM.T_AUDIT_CRIT_0.gz,AIM.T_AUDIT_CRIT_0,3/5/2026,10:05:34
,AIM.T_AUDIT_DRUG_FORM_X_0.gz,AIM.T_AUDIT_DRUG_FORM_X_0,3/5/2026,10:05:34
,AIM.T_AUDIT_FTC_0.gz,AIM.T_AUDIT_FTC_0,3/5/2026,10:05:34
,AIM.T_AUDIT_GEN_SEQ_X_0.gz,AIM.T_AUDIT_GEN_SEQ_X_0,3/5/2026,10:05:34
,AIM.T_AUDIT_GPI_XREF_0.gz,AIM.T_AUDIT_GPI_XREF_0,3/5/2026,10:05:34
,AIM.T_AUDIT_HICL_XREF_0.gz,AIM.T_AUDIT_HICL_XREF_0,3/5/2026,10:05:34
,AIM.T_AUDIT_HIC_XREF_0.gz,AIM.T_AUDIT_HIC_XREF_0,3/5/2026,10:05:34
,AIM.T_AUDIT_LIMITS_0.gz,AIM.T_AUDIT_LIMITS_0,3/5/2026,10:05:34
,AIM.T_AUDIT_LIV_ARNG_0.gz,AIM.T_AUDIT_LIV_ARNG_0,3/5/2026,10:05:34
,AIM.T_AUDIT_NDC_0.gz,AIM.T_AUDIT_NDC_0,3/5/2026,10:05:34
,AIM.T_AUDIT_NDC_XREF_0.gz,AIM.T_AUDIT_NDC_XREF_0,3/5/2026,10:05:34
,AIM.T_AUDIT_PAYER_XREF_0.gz,AIM.T_AUDIT_PAYER_XREF_0,3/5/2026,10:05:34
,AIM.T_AUDIT_PROC_0.gz,AIM.T_AUDIT_PROC_0,3/5/2026,10:05:34
,AIM.T_AUDIT_PR_TYPE_X_0.gz,AIM.T_AUDIT_PR_TYPE_X_0,3/5/2026,10:05:34
,AIM.T_AUDIT_PT_PS_X_0.gz,AIM.T_AUDIT_PT_PS_X_0,3/5/2026,10:05:34
,AIM.T_AUDIT_REV_0.gz,AIM.T_AUDIT_REV_0,3/5/2026,10:05:34
,AIM.T_AUDIT_REV_XREF_0.gz,AIM.T_AUDIT_REV_XREF_0,3/5/2026,10:05:34
,AIM.T_AUDIT_THER_CL_X_0.gz,AIM.T_AUDIT_THER_CL_X_0,3/5/2026,10:06:00
,AIM.T_AUDIT_TIME_UNIT_XREF_0.gz,AIM.T_AUDIT_TIME_UNIT_XREF_0,3/5/2026,10:06:00
,AIM.T_AUDIT_TOB_XREF_0.gz,AIM.T_AUDIT_TOB_XREF_0,3/5/2026,10:06:00
,AIM.T_AUDT_DIAG_XRF_0.gz,AIM.T_AUDT_DIAG_XRF_0,3/5/2026,10:06:00
,AIM.T_AUDT_PGM_XREF_0.gz,AIM.T_AUDT_PGM_XREF_0,3/5/2026,10:06:00
,AIM.T_AUDT_PROC_XRF_0.gz,AIM.T_AUDT_PROC_XRF_0,3/5/2026,10:06:00
,AIM.T_AUDT_SPC_XREF_0.gz,AIM.T_AUDT_SPC_XREF_0,3/5/2026,10:06:00
,AIM.T_AUTO_PA_0.gz,AIM.T_AUTO_PA_0,3/5/2026,10:06:00
,AIM.T_AUTO_PA_IND_0.gz,AIM.T_AUTO_PA_IND_0,3/5/2026,10:06:00
,AIM.T_AUTO_PA_PDL_0.gz,AIM.T_AUTO_PA_PDL_0,3/5/2026,10:06:00
,AIM.T_BATCH_ERR_ACT_0.gz,AIM.T_BATCH_ERR_ACT_0,3/5/2026,10:06:00
,AIM.T_BATCH_ERR_MSG_0.gz,AIM.T_BATCH_ERR_MSG_0,3/5/2026,10:06:00
,AIM.T_BENEFIT_PLAN_TYPE_0.gz,AIM.T_BENEFIT_PLAN_TYPE_0,3/5/2026,10:06:00
,AIM.T_BNFT_ADJ_FACTOR_0.gz,AIM.T_BNFT_ADJ_FACTOR_0,3/5/2026,10:06:00
,AIM.T_BNFT_ADJ_FACTOR_TYPE_0.gz,AIM.T_BNFT_ADJ_FACTOR_TYPE_0,3/5/2026,10:06:00
,AIM.T_BNFT_GROUP_STD_0.gz,AIM.T_BNFT_GROUP_STD_0,3/5/2026,10:06:00
,AIM.T_BOARD_POSITION_0.gz,AIM.T_BOARD_POSITION_0,3/5/2026,10:06:00
,AIM.T_CDE_ADJ_TXN_0.gz,AIM.T_CDE_ADJ_TXN_0,3/5/2026,10:06:00
,AIM.T_CDE_APC_EDIT_0.gz,AIM.T_CDE_APC_EDIT_0,3/5/2026,10:06:00
,AIM.T_CDE_CLM_HMS_FWA_ERR_0.gz,AIM.T_CDE_CLM_HMS_FWA_ERR_0,3/5/2026,10:06:00
,AIM.T_CDE_COS_CMS64_0.gz,AIM.T_CDE_COS_CMS64_0,3/5/2026,10:06:00
,AIM.T_CDE_COS_STATE_0.gz,AIM.T_CDE_COS_STATE_0,3/5/2026,10:06:00
,AIM.T_CDE_DISTRICT_0.gz,AIM.T_CDE_DISTRICT_0,3/5/2026,10:06:00
,AIM.T_CDE_EHR_SYSTEM_0.gz,AIM.T_CDE_EHR_SYSTEM_0,3/5/2026,10:06:00
,AIM.T_CDE_FEE_AMT_0.gz,AIM.T_CDE_FEE_AMT_0,3/5/2026,10:06:00
,AIM.T_CDE_FREQUENCY_0.gz,AIM.T_CDE_FREQUENCY_0,3/5/2026,10:06:00
,AIM.T_CDE_HIB_SOURCE_0.gz,AIM.T_CDE_HIB_SOURCE_0,3/5/2026,10:06:00
,AIM.T_CDE_HIPAA_0.gz,AIM.T_CDE_HIPAA_0,3/5/2026,10:06:00
,AIM.T_CDE_LIMIT_0.gz,AIM.T_CDE_LIMIT_0,3/5/2026,10:06:00
,AIM.T_CDE_ME_ASSIGN_0.gz,AIM.T_CDE_ME_ASSIGN_0,3/5/2026,10:06:00
,AIM.T_CDE_NCPDP_AMT_CLM_QUAL_0.gz,AIM.T_CDE_NCPDP_AMT_CLM_QUAL_0,3/5/2026,10:06:00
,AIM.T_CDE_NCPDP_COST_0.gz,AIM.T_CDE_NCPDP_COST_0,3/5/2026,10:06:00
,AIM.T_CDE_NCPDP_DIAG_QUAL_0.gz,AIM.T_CDE_NCPDP_DIAG_QUAL_0,3/5/2026,10:06:00
,AIM.T_CDE_NCPDP_DOSAGE_XREF_0.gz,AIM.T_CDE_NCPDP_DOSAGE_XREF_0,3/5/2026,10:06:00
,AIM.T_CDE_NCPDP_OP_ID_QUAL_0.gz,AIM.T_CDE_NCPDP_OP_ID_QUAL_0,3/5/2026,10:06:00
,AIM.T_CDE_NCPDP_PAT_GENDER_0.gz,AIM.T_CDE_NCPDP_PAT_GENDER_0,3/5/2026,10:06:00
,AIM.T_CDE_NCPDP_PROV_QUAL_0.gz,AIM.T_CDE_NCPDP_PROV_QUAL_0,3/5/2026,10:06:00
,AIM.T_CDE_NCPDP_PRSCRB_QUAL_0.gz,AIM.T_CDE_NCPDP_PRSCRB_QUAL_0,3/5/2026,10:06:00
,AIM.T_CDE_NCPDP_REIMBURSEMENT_0.gz,AIM.T_CDE_NCPDP_REIMBURSEMENT_0,3/5/2026,10:06:00
,AIM.T_CDE_NCPDP_RX_SVC_QUAL_0.gz,AIM.T_CDE_NCPDP_RX_SVC_QUAL_0,3/5/2026,10:06:00
,AIM.T_CDE_NCPDP_SCRP_QTY_QUAL_0.gz,AIM.T_CDE_NCPDP_SCRP_QTY_QUAL_0,3/5/2026,10:06:00
,AIM.T_CDE_NCPDP_SVC_QUAL_0.gz,AIM.T_CDE_NCPDP_SVC_QUAL_0,3/5/2026,10:06:00
,AIM.T_CDE_NONCITIZEN_0.gz,AIM.T_CDE_NONCITIZEN_0,3/5/2026,10:06:00
,AIM.T_CDE_PA_ASSIGN_SUB_0.gz,AIM.T_CDE_PA_ASSIGN_SUB_0,3/5/2026,10:06:00
,AIM.T_CDE_PA_CARE_PLAN_TYPE_0.gz,AIM.T_CDE_PA_CARE_PLAN_TYPE_0,3/5/2026,10:06:00
,AIM.T_CDE_PA_PHARM_LTR_0.gz,AIM.T_CDE_PA_PHARM_LTR_0,3/5/2026,10:06:00
,AIM.T_CDE_PA_WEB_REQUEST_0.gz,AIM.T_CDE_PA_WEB_REQUEST_0,3/5/2026,10:06:00
,AIM.T_CDE_TXN_TYPE_0.gz,AIM.T_CDE_TXN_TYPE_0,3/5/2026,10:06:01
,AIM.T_CLAIM_BDL_NCCD_0.gz,AIM.T_CLAIM_BDL_NCCD_0,3/5/2026,10:06:01
,AIM.T_CLAIM_BDL_NCCD_1.gz,AIM.T_CLAIM_BDL_NCCD_1,3/5/2026,10:06:01
,AIM.T_CLAIM_BDL_NCCD_2.gz,AIM.T_CLAIM_BDL_NCCD_2,3/5/2026,10:06:52
,AIM.T_CLAIM_BDL_NCCD_3.gz,AIM.T_CLAIM_BDL_NCCD_3,3/5/2026,10:06:52
,AIM.T_CLAIM_BDL_OVERRIDE_0.gz,AIM.T_CLAIM_BDL_OVERRIDE_0,3/5/2026,10:06:52
,AIM.T_CLASSIFICATION_BNFT_0.gz,AIM.T_CLASSIFICATION_BNFT_0,3/5/2026,10:06:52
,AIM.T_CLIA_CERT_0.gz,AIM.T_CLIA_CERT_0,3/5/2026,10:06:52
,AIM.T_CLIA_CERT_1.gz,AIM.T_CLIA_CERT_1,3/5/2026,10:06:52
,AIM.T_CLIA_CERT_2.gz,AIM.T_CLIA_CERT_2,3/5/2026,10:06:52
,AIM.T_CLIA_CERT_3.gz,AIM.T_CLIA_CERT_3,3/5/2026,10:06:52
,AIM.T_CLIA_LAB_0.gz,AIM.T_CLIA_LAB_0,3/5/2026,10:06:52
,AIM.T_CLM_5010_SUBMISSION_0.gz,AIM.T_CLM_5010_SUBMISSION_0,3/5/2026,10:06:52
,AIM.T_CLM_ARPA_ADDON_0.gz,AIM.T_CLM_ARPA_ADDON_0,3/5/2026,10:06:52
,AIM.T_CLM_BATCH_RNG_0.gz,AIM.T_CLM_BATCH_RNG_0,3/5/2026,10:06:52
,AIM.T_CLM_BENEFIT_LIMITS_0.gz,AIM.T_CLM_BENEFIT_LIMITS_0,3/5/2026,10:06:52
,AIM.T_CLM_BENEFIT_LIMITS_1.gz,AIM.T_CLM_BENEFIT_LIMITS_1,3/5/2026,10:06:52
,AIM.T_CLM_BENEFIT_LIMITS_2.gz,AIM.T_CLM_BENEFIT_LIMITS_2,3/5/2026,10:06:52
,AIM.T_CLM_BENEFIT_LIMITS_3.gz,AIM.T_CLM_BENEFIT_LIMITS_3,3/5/2026,10:06:52
,AIM.T_CLM_BENEFIT_LIMITS_4.gz,AIM.T_CLM_BENEFIT_LIMITS_4,3/5/2026,10:06:52
,AIM.T_CLM_CARE_PLAN_XREF_0.gz,AIM.T_CLM_CARE_PLAN_XREF_0,3/5/2026,10:06:52
,AIM.T_CLM_CCI_SAVINGS_0.gz,AIM.T_CLM_CCI_SAVINGS_0,3/5/2026,10:06:52
,AIM.T_CLM_CHC_ADJ_XREF_0.gz,AIM.T_CLM_CHC_ADJ_XREF_0,3/5/2026,10:06:52
,AIM.T_CLM_DAILY_COUNTS_0.gz,AIM.T_CLM_DAILY_COUNTS_0,3/5/2026,10:06:52
,AIM.T_CLM_DENTAL_FQHC_0.gz,AIM.T_CLM_DENTAL_FQHC_0,3/5/2026,10:06:52
,AIM.T_CLM_ENC_XREF_0.gz,AIM.T_CLM_ENC_XREF_0,3/5/2026,10:06:52
,AIM.T_CLM_EVIP_ACN_0.gz,AIM.T_CLM_EVIP_ACN_0,3/5/2026,10:06:52
,AIM.T_CLM_EVIP_ERROR_0.gz,AIM.T_CLM_EVIP_ERROR_0,3/5/2026,10:06:52
,AIM.T_CLM_EVV_KPI_COUNTS_0.gz,AIM.T_CLM_EVV_KPI_COUNTS_0,3/5/2026,10:06:52
,AIM.T_CLM_HIST_SEARCH_0.gz,AIM.T_CLM_HIST_SEARCH_0,3/5/2026,10:06:52
,AIM.T_CLM_HMS_ADJ_INPUT_0.gz,AIM.T_CLM_HMS_ADJ_INPUT_0,3/5/2026,10:06:52
,AIM.T_CLM_MAT_BNDL_0.gz,AIM.T_CLM_MAT_BNDL_0,3/5/2026,10:06:52
,AIM.T_CLM_MULT_SURG_0.gz,AIM.T_CLM_MULT_SURG_0,3/5/2026,10:06:52
,AIM.T_CLM_PATLIAB_X_0.gz,AIM.T_CLM_PATLIAB_X_0,3/5/2026,10:06:52
,AIM.T_CLM_PATLIAB_X_1.gz,AIM.T_CLM_PATLIAB_X_1,3/5/2026,10:06:52
,AIM.T_CLM_PATLIAB_X_2.gz,AIM.T_CLM_PATLIAB_X_2,3/5/2026,10:06:52
,AIM.T_CLM_PATLIAB_X_3.gz,AIM.T_CLM_PATLIAB_X_3,3/5/2026,10:06:52
,AIM.T_CLM_REPROCESS_CLM_0.gz,AIM.T_CLM_REPROCESS_CLM_0,3/5/2026,10:06:52
,AIM.T_CLM_REPROCESS_CLM_1.gz,AIM.T_CLM_REPROCESS_CLM_1,3/5/2026,10:06:52
,AIM.T_CLM_RE_RETRO_AID_0.gz,AIM.T_CLM_RE_RETRO_AID_0,3/5/2026,10:06:52
,AIM.T_CLM_RETRO_FINAL_0.gz,AIM.T_CLM_RETRO_FINAL_0,3/5/2026,10:06:52
,AIM.T_CLM_SAGA_TXN_0.gz,AIM.T_CLM_SAGA_TXN_0,3/5/2026,10:06:52
,AIM.T_CLM_TPLVNDR_FILE_0.gz,AIM.T_CLM_TPLVNDR_FILE_0,3/5/2026,10:06:52
,AIM.T_CLM_UNIT_HRS_XREF_0.gz,AIM.T_CLM_UNIT_HRS_XREF_0,3/5/2026,10:06:52
,AIM.T_CONFLICT_PARM_0.gz,AIM.T_CONFLICT_PARM_0,3/5/2026,10:06:52
,AIM.T_CONTRA_PARM_0.gz,AIM.T_CONTRA_PARM_0,3/5/2026,10:06:52
,AIM.T_CONTRA_PROC_0.gz,AIM.T_CONTRA_PROC_0,3/5/2026,10:06:52
,AIM.T_CONV_FACTOR_0.gz,AIM.T_CONV_FACTOR_0,3/5/2026,10:06:52
,AIM.T_COS_ASSIGN_CRIT_0.gz,AIM.T_COS_ASSIGN_CRIT_0,3/5/2026,10:06:52
,AIM.T_COS_CLM_TYPE_0.gz,AIM.T_COS_CLM_TYPE_0,3/5/2026,10:06:52
,AIM.T_COS_PROV_0.gz,AIM.T_COS_PROV_0,3/5/2026,10:06:52
,AIM.T_COS_TYPE_SPEC_0.gz,AIM.T_COS_TYPE_SPEC_0,3/5/2026,10:06:52
,AIM.T_CT_TXN_XREF_0.gz,AIM.T_CT_TXN_XREF_0,3/5/2026,10:06:52
,AIM.T_DCOR_SCHEDULE_0.gz,AIM.T_DCOR_SCHEDULE_0,3/5/2026,10:07:22
,AIM.T_DISP_FEE_0.gz,AIM.T_DISP_FEE_0,3/5/2026,10:07:22
,AIM.T_DRG_0.gz,AIM.T_DRG_0,3/5/2026,10:07:22
,AIM.T_DRG_FIXED_LOSS_THRESHOLD_0.gz,AIM.T_DRG_FIXED_LOSS_THRESHOLD_0,3/5/2026,10:07:22
,AIM.T_DRG_GROUP_0.gz,AIM.T_DRG_GROUP_0,3/5/2026,10:07:22
,AIM.T_DRG_GROUPER_0.gz,AIM.T_DRG_GROUPER_0,3/5/2026,10:07:22
,AIM.T_DRG_MDC_0.gz,AIM.T_DRG_MDC_0,3/5/2026,10:07:22
,AIM.T_DRG_MDC_XREF_0.gz,AIM.T_DRG_MDC_XREF_0,3/5/2026,10:07:22
,AIM.T_DRG_ORGAN_ACQUIS_RATES_0.gz,AIM.T_DRG_ORGAN_ACQUIS_RATES_0,3/5/2026,10:07:22
,AIM.T_DRG_OUTLIER_THRESHOLD_0.gz,AIM.T_DRG_OUTLIER_THRESHOLD_0,3/5/2026,10:07:22
,AIM.T_DRG_PARM_0.gz,AIM.T_DRG_PARM_0,3/5/2026,10:07:22
,AIM.T_DRG_RATE_0.gz,AIM.T_DRG_RATE_0,3/5/2026,10:07:22
,AIM.T_DRG_SOI_0.gz,AIM.T_DRG_SOI_0,3/5/2026,10:07:22
,AIM.T_DRG_TYPE_0.gz,AIM.T_DRG_TYPE_0,3/5/2026,10:07:22
,AIM.T_DRUG_AWP_0.gz,AIM.T_DRUG_AWP_0,3/5/2026,10:07:22
,AIM.T_DRUG_AWP_1.gz,AIM.T_DRUG_AWP_1,3/5/2026,10:07:22
,AIM.T_DRUG_CAT_CODE_0.gz,AIM.T_DRUG_CAT_CODE_0,3/5/2026,10:07:22
,AIM.T_DRUG_CT_0.gz,AIM.T_DRUG_CT_0,3/5/2026,10:07:22
,AIM.T_DRUG_DURATION_0.gz,AIM.T_DRUG_DURATION_0,3/5/2026,10:07:22
,AIM.T_DRUG_GSN_MME_0.gz,AIM.T_DRUG_GSN_MME_0,3/5/2026,10:07:22
,AIM.T_DRUG_INVERSE_0.gz,AIM.T_DRUG_INVERSE_0,3/5/2026,10:07:22
,AIM.T_DRUG_LIMITS_0.gz,AIM.T_DRUG_LIMITS_0,3/5/2026,10:07:22
,AIM.T_DRUG_LIMITS_1.gz,AIM.T_DRUG_LIMITS_1,3/5/2026,10:07:22
,AIM.T_DRUG_MAC_0.gz,AIM.T_DRUG_MAC_0,3/5/2026,10:07:22
,AIM.T_DRUG_MAC_1.gz,AIM.T_DRUG_MAC_1,3/5/2026,10:07:22
,AIM.T_DRUG_MAC_2.gz,AIM.T_DRUG_MAC_2,3/5/2026,10:07:22
,AIM.T_DRUG_MAC_PCT_0.gz,AIM.T_DRUG_MAC_PCT_0,3/5/2026,10:07:22
,AIM.T_DRUG_NDA_ANDA_0.gz,AIM.T_DRUG_NDA_ANDA_0,3/5/2026,10:07:22
,AIM.T_DRUG_NOTES_0.gz,AIM.T_DRUG_NOTES_0,3/5/2026,10:07:22
,AIM.T_DRUG_OPT_DOSE_0.gz,AIM.T_DRUG_OPT_DOSE_0,3/5/2026,10:07:22
,AIM.T_DRUG_PAC_PGM_0.gz,AIM.T_DRUG_PAC_PGM_0,3/5/2026,10:07:22
,AIM.T_DRUG_PAC_PGM_1.gz,AIM.T_DRUG_PAC_PGM_1,3/5/2026,10:07:22
,AIM.T_DRUG_PAC_PGM_2.gz,AIM.T_DRUG_PAC_PGM_2,3/5/2026,10:07:22
,AIM.T_DRUG_PGM_DATA_0.gz,AIM.T_DRUG_PGM_DATA_0,3/5/2026,10:07:22
,AIM.T_DRUG_PGM_DATA_1.gz,AIM.T_DRUG_PGM_DATA_1,3/5/2026,10:07:22
,AIM.T_DRUG_PGM_DATA_2.gz,AIM.T_DRUG_PGM_DATA_2,3/5/2026,10:07:22
,AIM.T_DRUG_PGM_DATA_3.gz,AIM.T_DRUG_PGM_DATA_3,3/5/2026,10:07:22
,AIM.T_DRUG_PREV_0.gz,AIM.T_DRUG_PREV_0,3/5/2026,10:07:22
,AIM.T_DRUG_TERM_0.gz,AIM.T_DRUG_TERM_0,3/5/2026,10:07:22
,AIM.T_EDIT_PARMS_0.gz,AIM.T_EDIT_PARMS_0,3/5/2026,10:07:22
,AIM.T_ERR_DISP_LINE_0.gz,AIM.T_ERR_DISP_LINE_0,3/5/2026,10:07:22
,AIM.T_ERR_DISP_NOTES_0.gz,AIM.T_ERR_DISP_NOTES_0,3/5/2026,10:07:22
,AIM.T_ERR_DISP_PT_PS_X_0.gz,AIM.T_ERR_DISP_PT_PS_X_0,3/5/2026,10:07:22
,AIM.T_ERROR_DISP_MMIS_0.gz,AIM.T_ERROR_DISP_MMIS_0,3/5/2026,10:07:22
,AIM.T_ERR_RESO_CRIT_0.gz,AIM.T_ERR_RESO_CRIT_0,3/5/2026,10:07:22
,AIM.T_ERR_RESO_GRP_XREF_0.gz,AIM.T_ERR_RESO_GRP_XREF_0,3/5/2026,10:07:22
,AIM.T_ERR_RESO_MTHD_CORR_0.gz,AIM.T_ERR_RESO_MTHD_CORR_0,3/5/2026,10:07:22
,AIM.T_ERR_RESO_POLICY_0.gz,AIM.T_ERR_RESO_POLICY_0,3/5/2026,10:07:22
,AIM.T_ERR_RESO_STATUS_0.gz,AIM.T_ERR_RESO_STATUS_0,3/5/2026,10:07:22
,AIM.T_ESC_TYPE_0.gz,AIM.T_ESC_TYPE_0,3/5/2026,10:07:22
,AIM.T_EVS_ELIG_0.gz,AIM.T_EVS_ELIG_0,3/5/2026,10:09:37
,AIM.T_EVS_ELIG_100.gz,AIM.T_EVS_ELIG_100,3/5/2026,10:09:37
,AIM.T_EVS_ELIG_101.gz,AIM.T_EVS_ELIG_101,3/5/2026,10:09:37
,AIM.T_EVS_ELIG_102.gz,AIM.T_EVS_ELIG_102,3/5/2026,10:09:37
,AIM.T_EVS_ELIG_103.gz,AIM.T_EVS_ELIG_103,3/5/2026,10:09:37
,AIM.T_EVS_ELIG_104.gz,AIM.T_EVS_ELIG_104,3/5/2026,10:09:37
,AIM.T_EVS_ELIG_105.gz,AIM.T_EVS_ELIG_105,3/5/2026,10:09:37
,AIM.T_EVS_ELIG_106.gz,AIM.T_EVS_ELIG_106,3/5/2026,10:09:37
,AIM.T_EVS_ELIG_107.gz,AIM.T_EVS_ELIG_107,3/5/2026,10:09:37
,AIM.T_EVS_ELIG_108.gz,AIM.T_EVS_ELIG_108,3/5/2026,10:09:37
,AIM.T_EVS_ELIG_109.gz,AIM.T_EVS_ELIG_109,3/5/2026,10:09:37
,AIM.T_EVS_ELIG_10.gz,AIM.T_EVS_ELIG_10,3/5/2026,10:09:37
,AIM.T_EVS_ELIG_110.gz,AIM.T_EVS_ELIG_110,3/5/2026,10:09:37
,AIM.T_EVS_ELIG_111.gz,AIM.T_EVS_ELIG_111,3/5/2026,10:09:37
,AIM.T_EVS_ELIG_112.gz,AIM.T_EVS_ELIG_112,3/5/2026,10:09:37
,AIM.T_EVS_ELIG_113.gz,AIM.T_EVS_ELIG_113,3/5/2026,10:09:37
,AIM.T_EVS_ELIG_114.gz,AIM.T_EVS_ELIG_114,3/5/2026,10:09:37
,AIM.T_EVS_ELIG_115.gz,AIM.T_EVS_ELIG_115,3/5/2026,10:09:37
,AIM.T_EVS_ELIG_116.gz,AIM.T_EVS_ELIG_116,3/5/2026,10:09:37
,AIM.T_EVS_ELIG_117.gz,AIM.T_EVS_ELIG_117,3/5/2026,10:09:37
,AIM.T_EVS_ELIG_118.gz,AIM.T_EVS_ELIG_118,3/5/2026,10:09:37
,AIM.T_EVS_ELIG_119.gz,AIM.T_EVS_ELIG_119,3/5/2026,10:09:37
,AIM.T_EVS_ELIG_11.gz,AIM.T_EVS_ELIG_11,3/5/2026,10:09:37
,AIM.T_EVS_ELIG_120.gz,AIM.T_EVS_ELIG_120,3/5/2026,10:09:37
,AIM.T_EVS_ELIG_121.gz,AIM.T_EVS_ELIG_121,3/5/2026,10:09:37
,AIM.T_EVS_ELIG_122.gz,AIM.T_EVS_ELIG_122,3/5/2026,10:09:37
,AIM.T_EVS_ELIG_123.gz,AIM.T_EVS_ELIG_123,3/5/2026,10:09:37
,AIM.T_EVS_ELIG_124.gz,AIM.T_EVS_ELIG_124,3/5/2026,10:09:37
,AIM.T_EVS_ELIG_125.gz,AIM.T_EVS_ELIG_125,3/5/2026,10:09:37
,AIM.T_EVS_ELIG_126.gz,AIM.T_EVS_ELIG_126,3/5/2026,10:09:37
,AIM.T_EVS_ELIG_127.gz,AIM.T_EVS_ELIG_127,3/5/2026,10:09:37
,AIM.T_EVS_ELIG_128.gz,AIM.T_EVS_ELIG_128,3/5/2026,10:09:37
,AIM.T_EVS_ELIG_129.gz,AIM.T_EVS_ELIG_129,3/5/2026,10:09:37
,AIM.T_EVS_ELIG_12.gz,AIM.T_EVS_ELIG_12,3/5/2026,10:09:37
,AIM.T_EVS_ELIG_130.gz,AIM.T_EVS_ELIG_130,3/5/2026,10:09:37
,AIM.T_EVS_ELIG_131.gz,AIM.T_EVS_ELIG_131,3/5/2026,10:09:37
,AIM.T_EVS_ELIG_132.gz,AIM.T_EVS_ELIG_132,3/5/2026,10:09:37
,AIM.T_EVS_ELIG_133.gz,AIM.T_EVS_ELIG_133,3/5/2026,10:09:37
,AIM.T_EVS_ELIG_134.gz,AIM.T_EVS_ELIG_134,3/5/2026,10:09:37
,AIM.T_EVS_ELIG_135.gz,AIM.T_EVS_ELIG_135,3/5/2026,10:09:37
,AIM.T_EVS_ELIG_136.gz,AIM.T_EVS_ELIG_136,3/5/2026,10:09:37
,AIM.T_EVS_ELIG_137.gz,AIM.T_EVS_ELIG_137,3/5/2026,10:09:37
,AIM.T_EVS_ELIG_138.gz,AIM.T_EVS_ELIG_138,3/5/2026,10:09:37
,AIM.T_EVS_ELIG_139.gz,AIM.T_EVS_ELIG_139,3/5/2026,10:09:37
,AIM.T_EVS_ELIG_13.gz,AIM.T_EVS_ELIG_13,3/5/2026,10:09:37
,AIM.T_EVS_ELIG_140.gz,AIM.T_EVS_ELIG_140,3/5/2026,10:09:37
,AIM.T_EVS_ELIG_141.gz,AIM.T_EVS_ELIG_141,3/5/2026,10:09:37
,AIM.T_EVS_ELIG_142.gz,AIM.T_EVS_ELIG_142,3/5/2026,10:09:37
,AIM.T_EVS_ELIG_143.gz,AIM.T_EVS_ELIG_143,3/5/2026,10:09:37
,AIM.T_EVS_ELIG_144.gz,AIM.T_EVS_ELIG_144,3/5/2026,10:09:37
,AIM.T_EVS_ELIG_145.gz,AIM.T_EVS_ELIG_145,3/5/2026,10:11:54
,AIM.T_EVS_ELIG_146.gz,AIM.T_EVS_ELIG_146,3/5/2026,10:11:54
,AIM.T_EVS_ELIG_147.gz,AIM.T_EVS_ELIG_147,3/5/2026,10:11:54
,AIM.T_EVS_ELIG_148.gz,AIM.T_EVS_ELIG_148,3/5/2026,10:11:54
,AIM.T_EVS_ELIG_149.gz,AIM.T_EVS_ELIG_149,3/5/2026,10:11:54
,AIM.T_EVS_ELIG_14.gz,AIM.T_EVS_ELIG_14,3/5/2026,10:11:54
,AIM.T_EVS_ELIG_150.gz,AIM.T_EVS_ELIG_150,3/5/2026,10:11:54
,AIM.T_EVS_ELIG_151.gz,AIM.T_EVS_ELIG_151,3/5/2026,10:11:54
,AIM.T_EVS_ELIG_152.gz,AIM.T_EVS_ELIG_152,3/5/2026,10:11:54
,AIM.T_EVS_ELIG_153.gz,AIM.T_EVS_ELIG_153,3/5/2026,10:11:54
,AIM.T_EVS_ELIG_154.gz,AIM.T_EVS_ELIG_154,3/5/2026,10:11:54
,AIM.T_EVS_ELIG_155.gz,AIM.T_EVS_ELIG_155,3/5/2026,10:11:54
,AIM.T_EVS_ELIG_156.gz,AIM.T_EVS_ELIG_156,3/5/2026,10:11:54
,AIM.T_EVS_ELIG_157.gz,AIM.T_EVS_ELIG_157,3/5/2026,10:11:54
,AIM.T_EVS_ELIG_158.gz,AIM.T_EVS_ELIG_158,3/5/2026,10:11:54
,AIM.T_EVS_ELIG_159.gz,AIM.T_EVS_ELIG_159,3/5/2026,10:11:54
,AIM.T_EVS_ELIG_15.gz,AIM.T_EVS_ELIG_15,3/5/2026,10:11:54
,AIM.T_EVS_ELIG_160.gz,AIM.T_EVS_ELIG_160,3/5/2026,10:11:54
,AIM.T_EVS_ELIG_161.gz,AIM.T_EVS_ELIG_161,3/5/2026,10:11:54
,AIM.T_EVS_ELIG_162.gz,AIM.T_EVS_ELIG_162,3/5/2026,10:11:54
,AIM.T_EVS_ELIG_163.gz,AIM.T_EVS_ELIG_163,3/5/2026,10:11:54
,AIM.T_EVS_ELIG_164.gz,AIM.T_EVS_ELIG_164,3/5/2026,10:11:54
,AIM.T_EVS_ELIG_165.gz,AIM.T_EVS_ELIG_165,3/5/2026,10:11:54
,AIM.T_EVS_ELIG_166.gz,AIM.T_EVS_ELIG_166,3/5/2026,10:11:54
,AIM.T_EVS_ELIG_167.gz,AIM.T_EVS_ELIG_167,3/5/2026,10:11:54
,AIM.T_EVS_ELIG_168.gz,AIM.T_EVS_ELIG_168,3/5/2026,10:11:54
,AIM.T_EVS_ELIG_169.gz,AIM.T_EVS_ELIG_169,3/5/2026,10:11:54
,AIM.T_EVS_ELIG_16.gz,AIM.T_EVS_ELIG_16,3/5/2026,10:11:54
,AIM.T_EVS_ELIG_170.gz,AIM.T_EVS_ELIG_170,3/5/2026,10:11:54
,AIM.T_EVS_ELIG_171.gz,AIM.T_EVS_ELIG_171,3/5/2026,10:11:54
,AIM.T_EVS_ELIG_172.gz,AIM.T_EVS_ELIG_172,3/5/2026,10:11:54
,AIM.T_EVS_ELIG_173.gz,AIM.T_EVS_ELIG_173,3/5/2026,10:11:54
,AIM.T_EVS_ELIG_174.gz,AIM.T_EVS_ELIG_174,3/5/2026,10:11:54
,AIM.T_EVS_ELIG_175.gz,AIM.T_EVS_ELIG_175,3/5/2026,10:11:54
,AIM.T_EVS_ELIG_176.gz,AIM.T_EVS_ELIG_176,3/5/2026,10:11:54
,AIM.T_EVS_ELIG_177.gz,AIM.T_EVS_ELIG_177,3/5/2026,10:11:54
,AIM.T_EVS_ELIG_178.gz,AIM.T_EVS_ELIG_178,3/5/2026,10:11:54
,AIM.T_EVS_ELIG_179.gz,AIM.T_EVS_ELIG_179,3/5/2026,10:11:54
,AIM.T_EVS_ELIG_17.gz,AIM.T_EVS_ELIG_17,3/5/2026,10:11:54
,AIM.T_EVS_ELIG_180.gz,AIM.T_EVS_ELIG_180,3/5/2026,10:11:54
,AIM.T_EVS_ELIG_181.gz,AIM.T_EVS_ELIG_181,3/5/2026,10:11:54
,AIM.T_EVS_ELIG_182.gz,AIM.T_EVS_ELIG_182,3/5/2026,10:11:54
,AIM.T_EVS_ELIG_183.gz,AIM.T_EVS_ELIG_183,3/5/2026,10:11:54
,AIM.T_EVS_ELIG_184.gz,AIM.T_EVS_ELIG_184,3/5/2026,10:11:54
,AIM.T_EVS_ELIG_185.gz,AIM.T_EVS_ELIG_185,3/5/2026,10:11:54
,AIM.T_EVS_ELIG_186.gz,AIM.T_EVS_ELIG_186,3/5/2026,10:11:54
,AIM.T_EVS_ELIG_187.gz,AIM.T_EVS_ELIG_187,3/5/2026,10:11:54
,AIM.T_EVS_ELIG_188.gz,AIM.T_EVS_ELIG_188,3/5/2026,10:11:54
,AIM.T_EVS_ELIG_189.gz,AIM.T_EVS_ELIG_189,3/5/2026,10:11:54
,AIM.T_EVS_ELIG_18.gz,AIM.T_EVS_ELIG_18,3/5/2026,10:11:54
,AIM.T_EVS_ELIG_190.gz,AIM.T_EVS_ELIG_190,3/5/2026,10:14:14
,AIM.T_EVS_ELIG_19.gz,AIM.T_EVS_ELIG_19,3/5/2026,10:14:14
,AIM.T_EVS_ELIG_1.gz,AIM.T_EVS_ELIG_1,3/5/2026,10:14:14
,AIM.T_EVS_ELIG_20.gz,AIM.T_EVS_ELIG_20,3/5/2026,10:14:14
,AIM.T_EVS_ELIG_21.gz,AIM.T_EVS_ELIG_21,3/5/2026,10:14:14
,AIM.T_EVS_ELIG_22.gz,AIM.T_EVS_ELIG_22,3/5/2026,10:14:14
,AIM.T_EVS_ELIG_23.gz,AIM.T_EVS_ELIG_23,3/5/2026,10:14:14
,AIM.T_EVS_ELIG_24.gz,AIM.T_EVS_ELIG_24,3/5/2026,10:14:14
,AIM.T_EVS_ELIG_25.gz,AIM.T_EVS_ELIG_25,3/5/2026,10:14:14
,AIM.T_EVS_ELIG_26.gz,AIM.T_EVS_ELIG_26,3/5/2026,10:14:14
,AIM.T_EVS_ELIG_27.gz,AIM.T_EVS_ELIG_27,3/5/2026,10:14:14
,AIM.T_EVS_ELIG_28.gz,AIM.T_EVS_ELIG_28,3/5/2026,10:14:14
,AIM.T_EVS_ELIG_29.gz,AIM.T_EVS_ELIG_29,3/5/2026,10:14:14
,AIM.T_EVS_ELIG_2.gz,AIM.T_EVS_ELIG_2,3/5/2026,10:14:14
,AIM.T_EVS_ELIG_30.gz,AIM.T_EVS_ELIG_30,3/5/2026,10:14:14
,AIM.T_EVS_ELIG_31.gz,AIM.T_EVS_ELIG_31,3/5/2026,10:14:14
,AIM.T_EVS_ELIG_32.gz,AIM.T_EVS_ELIG_32,3/5/2026,10:14:14
,AIM.T_EVS_ELIG_33.gz,AIM.T_EVS_ELIG_33,3/5/2026,10:14:14
,AIM.T_EVS_ELIG_34.gz,AIM.T_EVS_ELIG_34,3/5/2026,10:14:14
,AIM.T_EVS_ELIG_35.gz,AIM.T_EVS_ELIG_35,3/5/2026,10:14:14
,AIM.T_EVS_ELIG_36.gz,AIM.T_EVS_ELIG_36,3/5/2026,10:14:14
,AIM.T_EVS_ELIG_37.gz,AIM.T_EVS_ELIG_37,3/5/2026,10:14:14
,AIM.T_EVS_ELIG_38.gz,AIM.T_EVS_ELIG_38,3/5/2026,10:14:14
,AIM.T_EVS_ELIG_39.gz,AIM.T_EVS_ELIG_39,3/5/2026,10:14:14
,AIM.T_EVS_ELIG_3.gz,AIM.T_EVS_ELIG_3,3/5/2026,10:14:14
,AIM.T_EVS_ELIG_40.gz,AIM.T_EVS_ELIG_40,3/5/2026,10:14:14
,AIM.T_EVS_ELIG_41.gz,AIM.T_EVS_ELIG_41,3/5/2026,10:14:14
,AIM.T_EVS_ELIG_42.gz,AIM.T_EVS_ELIG_42,3/5/2026,10:14:14
,AIM.T_EVS_ELIG_43.gz,AIM.T_EVS_ELIG_43,3/5/2026,10:14:14
,AIM.T_EVS_ELIG_44.gz,AIM.T_EVS_ELIG_44,3/5/2026,10:14:14
,AIM.T_EVS_ELIG_45.gz,AIM.T_EVS_ELIG_45,3/5/2026,10:14:14
,AIM.T_EVS_ELIG_46.gz,AIM.T_EVS_ELIG_46,3/5/2026,10:14:14
,AIM.T_EVS_ELIG_47.gz,AIM.T_EVS_ELIG_47,3/5/2026,10:14:14
,AIM.T_EVS_ELIG_48.gz,AIM.T_EVS_ELIG_48,3/5/2026,10:14:14
,AIM.T_EVS_ELIG_49.gz,AIM.T_EVS_ELIG_49,3/5/2026,10:14:14
,AIM.T_EVS_ELIG_4.gz,AIM.T_EVS_ELIG_4,3/5/2026,10:14:14
,AIM.T_EVS_ELIG_50.gz,AIM.T_EVS_ELIG_50,3/5/2026,10:14:14
,AIM.T_EVS_ELIG_51.gz,AIM.T_EVS_ELIG_51,3/5/2026,10:14:14
,AIM.T_EVS_ELIG_52.gz,AIM.T_EVS_ELIG_52,3/5/2026,10:14:14
,AIM.T_EVS_ELIG_53.gz,AIM.T_EVS_ELIG_53,3/5/2026,10:14:14
,AIM.T_EVS_ELIG_54.gz,AIM.T_EVS_ELIG_54,3/5/2026,10:14:14
,AIM.T_EVS_ELIG_55.gz,AIM.T_EVS_ELIG_55,3/5/2026,10:14:14
,AIM.T_EVS_ELIG_56.gz,AIM.T_EVS_ELIG_56,3/5/2026,10:14:14
,AIM.T_EVS_ELIG_57.gz,AIM.T_EVS_ELIG_57,3/5/2026,10:14:14
,AIM.T_EVS_ELIG_58.gz,AIM.T_EVS_ELIG_58,3/5/2026,10:14:14
,AIM.T_EVS_ELIG_59.gz,AIM.T_EVS_ELIG_59,3/5/2026,10:14:14
,AIM.T_EVS_ELIG_5.gz,AIM.T_EVS_ELIG_5,3/5/2026,10:14:14
,AIM.T_EVS_ELIG_60.gz,AIM.T_EVS_ELIG_60,3/5/2026,10:14:14
,AIM.T_EVS_ELIG_61.gz,AIM.T_EVS_ELIG_61,3/5/2026,10:14:14
,AIM.T_EVS_ELIG_62.gz,AIM.T_EVS_ELIG_62,3/5/2026,10:14:14
,AIM.T_EVS_ELIG_63.gz,AIM.T_EVS_ELIG_63,3/5/2026,10:16:19
,AIM.T_EVS_ELIG_64.gz,AIM.T_EVS_ELIG_64,3/5/2026,10:16:19
,AIM.T_EVS_ELIG_65.gz,AIM.T_EVS_ELIG_65,3/5/2026,10:16:19
,AIM.T_EVS_ELIG_66.gz,AIM.T_EVS_ELIG_66,3/5/2026,10:16:19
,AIM.T_EVS_ELIG_67.gz,AIM.T_EVS_ELIG_67,3/5/2026,10:16:19
,AIM.T_EVS_ELIG_68.gz,AIM.T_EVS_ELIG_68,3/5/2026,10:16:19
,AIM.T_EVS_ELIG_69.gz,AIM.T_EVS_ELIG_69,3/5/2026,10:16:19
,AIM.T_EVS_ELIG_6.gz,AIM.T_EVS_ELIG_6,3/5/2026,10:16:19
,AIM.T_EVS_ELIG_70.gz,AIM.T_EVS_ELIG_70,3/5/2026,10:16:19
,AIM.T_EVS_ELIG_71.gz,AIM.T_EVS_ELIG_71,3/5/2026,10:16:19
,AIM.T_EVS_ELIG_72.gz,AIM.T_EVS_ELIG_72,3/5/2026,10:16:19
,AIM.T_EVS_ELIG_73.gz,AIM.T_EVS_ELIG_73,3/5/2026,10:16:19
,AIM.T_EVS_ELIG_74.gz,AIM.T_EVS_ELIG_74,3/5/2026,10:16:19
,AIM.T_EVS_ELIG_75.gz,AIM.T_EVS_ELIG_75,3/5/2026,10:16:19
,AIM.T_EVS_ELIG_76.gz,AIM.T_EVS_ELIG_76,3/5/2026,10:16:19
,AIM.T_EVS_ELIG_77.gz,AIM.T_EVS_ELIG_77,3/5/2026,10:16:19
,AIM.T_EVS_ELIG_78.gz,AIM.T_EVS_ELIG_78,3/5/2026,10:16:19
,AIM.T_EVS_ELIG_79.gz,AIM.T_EVS_ELIG_79,3/5/2026,10:16:19
,AIM.T_EVS_ELIG_7.gz,AIM.T_EVS_ELIG_7,3/5/2026,10:16:19
,AIM.T_EVS_ELIG_80.gz,AIM.T_EVS_ELIG_80,3/5/2026,10:16:20
,AIM.T_EVS_ELIG_81.gz,AIM.T_EVS_ELIG_81,3/5/2026,10:16:20
,AIM.T_EVS_ELIG_82.gz,AIM.T_EVS_ELIG_82,3/5/2026,10:16:20
,AIM.T_EVS_ELIG_83.gz,AIM.T_EVS_ELIG_83,3/5/2026,10:16:20
,AIM.T_EVS_ELIG_84.gz,AIM.T_EVS_ELIG_84,3/5/2026,10:16:20
,AIM.T_EVS_ELIG_85.gz,AIM.T_EVS_ELIG_85,3/5/2026,10:16:20
,AIM.T_EVS_ELIG_86.gz,AIM.T_EVS_ELIG_86,3/5/2026,10:16:20
,AIM.T_EVS_ELIG_87.gz,AIM.T_EVS_ELIG_87,3/5/2026,10:16:20
,AIM.T_EVS_ELIG_88.gz,AIM.T_EVS_ELIG_88,3/5/2026,10:16:20
,AIM.T_EVS_ELIG_89.gz,AIM.T_EVS_ELIG_89,3/5/2026,10:16:20
,AIM.T_EVS_ELIG_8.gz,AIM.T_EVS_ELIG_8,3/5/2026,10:16:20
,AIM.T_EVS_ELIG_90.gz,AIM.T_EVS_ELIG_90,3/5/2026,10:16:20
,AIM.T_EVS_ELIG_91.gz,AIM.T_EVS_ELIG_91,3/5/2026,10:16:20
,AIM.T_EVS_ELIG_92.gz,AIM.T_EVS_ELIG_92,3/5/2026,10:16:20
,AIM.T_EVS_ELIG_93.gz,AIM.T_EVS_ELIG_93,3/5/2026,10:16:20
,AIM.T_EVS_ELIG_94.gz,AIM.T_EVS_ELIG_94,3/5/2026,10:16:20
,AIM.T_EVS_ELIG_95.gz,AIM.T_EVS_ELIG_95,3/5/2026,10:16:20
,AIM.T_EVS_ELIG_96.gz,AIM.T_EVS_ELIG_96,3/5/2026,10:16:20
,AIM.T_EVS_ELIG_97.gz,AIM.T_EVS_ELIG_97,3/5/2026,10:16:20
,AIM.T_EVS_ELIG_98.gz,AIM.T_EVS_ELIG_98,3/5/2026,10:16:20
,AIM.T_EVS_ELIG_99.gz,AIM.T_EVS_ELIG_99,3/5/2026,10:16:20
,AIM.T_EVS_ELIG_9.gz,AIM.T_EVS_ELIG_9,3/5/2026,10:16:20
,AIM.T_FEE_SCHED_HDR_FTR_0.gz,AIM.T_FEE_SCHED_HDR_FTR_0,3/5/2026,10:16:20
,AIM.T_FTC_TYPE_0.gz,AIM.T_FTC_TYPE_0,3/5/2026,10:16:20
,AIM.T_GROUP_TYPE_0.gz,AIM.T_GROUP_TYPE_0,3/5/2026,10:16:20
,AIM.T_HCPCS_DRUG_FEE_0.gz,AIM.T_HCPCS_DRUG_FEE_0,3/5/2026,10:16:20
,AIM.T_HIC2_0.gz,AIM.T_HIC2_0,3/5/2026,10:16:20
,AIM.T_HIC3_0.gz,AIM.T_HIC3_0,3/5/2026,10:16:20
,AIM.T_HIC4_0.gz,AIM.T_HIC4_0,3/5/2026,10:16:20
,AIM.T_HIC_GROUP_0.gz,AIM.T_HIC_GROUP_0,3/5/2026,10:16:20
,AIM.T_HICL_SEQ_NO_0.gz,AIM.T_HICL_SEQ_NO_0,3/5/2026,10:16:20
,AIM.T_HIC_TYPE_0.gz,AIM.T_HIC_TYPE_0,3/5/2026,10:17:06
,AIM.T_HIST_PART_0.gz,AIM.T_HIST_PART_0,3/5/2026,10:17:06
,AIM.T_ID_ISSUE_RSN_0.gz,AIM.T_ID_ISSUE_RSN_0,3/5/2026,10:17:06
,AIM.T_INP_LOC_0.gz,AIM.T_INP_LOC_0,3/5/2026,10:17:06
,AIM.T_LAB_FEE_0.gz,AIM.T_LAB_FEE_0,3/5/2026,10:17:06
,AIM.T_LIMIT_PARM_0.gz,AIM.T_LIMIT_PARM_0,3/5/2026,10:17:06
,AIM.T_LOCATION_NOTE_0.gz,AIM.T_LOCATION_NOTE_0,3/5/2026,10:17:06
,AIM.T_MAT_BNDL_SERVICE_0.gz,AIM.T_MAT_BNDL_SERVICE_0,3/5/2026,10:17:06
,AIM.T_MAT_CLM_XREF_0.gz,AIM.T_MAT_CLM_XREF_0,3/5/2026,10:17:06
,AIM.T_MAX_FEE_0.gz,AIM.T_MAX_FEE_0,3/5/2026,10:17:06
,AIM.T_MAX_FEE_PKG_SEARCH_0.gz,AIM.T_MAX_FEE_PKG_SEARCH_0,3/5/2026,10:17:06
,AIM.T_MCARE_DEDUCTIBLE_0.gz,AIM.T_MCARE_DEDUCTIBLE_0,3/5/2026,10:17:06
,AIM.T_MOD_GROUP_TYPE_0.gz,AIM.T_MOD_GROUP_TYPE_0,3/5/2026,10:17:06
,AIM.T_MSA_RCC_RATE_0.gz,AIM.T_MSA_RCC_RATE_0,3/5/2026,10:17:06
,AIM.T_NDDF_PRICE_TYPE_0.gz,AIM.T_NDDF_PRICE_TYPE_0,3/5/2026,10:17:06
,AIM.T_OTH_PYR_STATUS_XREF_0.gz,AIM.T_OTH_PYR_STATUS_XREF_0,3/5/2026,10:17:06
,AIM.T_OWNER_REL_TYPE_0.gz,AIM.T_OWNER_REL_TYPE_0,3/5/2026,10:17:06
,AIM.T_PA_APPEAL_0.gz,AIM.T_PA_APPEAL_0,3/5/2026,10:17:06
,AIM.T_PA_BENE_PLAN_XREF_0.gz,AIM.T_PA_BENE_PLAN_XREF_0,3/5/2026,10:17:06
,AIM.T_PA_CARE_PLAN_0.gz,AIM.T_PA_CARE_PLAN_0,3/5/2026,10:17:06
,AIM.T_PA_CARE_PLAN_SERVICE_0.gz,AIM.T_PA_CARE_PLAN_SERVICE_0,3/5/2026,10:17:06
,AIM.T_PA_CATEGORY_0.gz,AIM.T_PA_CATEGORY_0,3/5/2026,10:17:06
,AIM.T_PA_CHC_ADJUST_0.gz,AIM.T_PA_CHC_ADJUST_0,3/5/2026,10:17:06
,AIM.T_PA_EVV_CLM_XREF_0.gz,AIM.T_PA_EVV_CLM_XREF_0,3/5/2026,10:17:06
,AIM.T_PA_EVV_CLM_XREF_1.gz,AIM.T_PA_EVV_CLM_XREF_1,3/5/2026,10:17:06
,AIM.T_PA_EVV_CLM_XREF_2.gz,AIM.T_PA_EVV_CLM_XREF_2,3/5/2026,10:17:06
,AIM.T_PA_EVV_CLM_XREF_3.gz,AIM.T_PA_EVV_CLM_XREF_3,3/5/2026,10:17:06
,AIM.T_PA_EVV_CLM_XREF_4.gz,AIM.T_PA_EVV_CLM_XREF_4,3/5/2026,10:17:06
,AIM.T_PA_EVV_CLM_XREF_5.gz,AIM.T_PA_EVV_CLM_XREF_5,3/5/2026,10:17:06
,AIM.T_PA_EVV_CLM_XREF_6.gz,AIM.T_PA_EVV_CLM_XREF_6,3/5/2026,10:17:06
,AIM.T_PA_IAC_TEXT_0.gz,AIM.T_PA_IAC_TEXT_0,3/5/2026,10:17:06
,AIM.T_PA_IAC_XREF_0.gz,AIM.T_PA_IAC_XREF_0,3/5/2026,10:17:06
,AIM.T_PA_IAC_XREF_10.gz,AIM.T_PA_IAC_XREF_10,3/5/2026,10:17:06
,AIM.T_PA_IAC_XREF_11.gz,AIM.T_PA_IAC_XREF_11,3/5/2026,10:17:06
,AIM.T_PA_IAC_XREF_12.gz,AIM.T_PA_IAC_XREF_12,3/5/2026,10:17:06
,AIM.T_PA_IAC_XREF_13.gz,AIM.T_PA_IAC_XREF_13,3/5/2026,10:17:06
,AIM.T_PA_IAC_XREF_14.gz,AIM.T_PA_IAC_XREF_14,3/5/2026,10:17:06
,AIM.T_PA_IAC_XREF_15.gz,AIM.T_PA_IAC_XREF_15,3/5/2026,10:17:06
,AIM.T_PA_IAC_XREF_16.gz,AIM.T_PA_IAC_XREF_16,3/5/2026,10:17:06
,AIM.T_PA_IAC_XREF_17.gz,AIM.T_PA_IAC_XREF_17,3/5/2026,10:17:06
,AIM.T_PA_IAC_XREF_18.gz,AIM.T_PA_IAC_XREF_18,3/5/2026,10:17:06
,AIM.T_PA_IAC_XREF_19.gz,AIM.T_PA_IAC_XREF_19,3/5/2026,10:17:06
,AIM.T_PA_IAC_XREF_1.gz,AIM.T_PA_IAC_XREF_1,3/5/2026,10:17:06
,AIM.T_PA_IAC_XREF_20.gz,AIM.T_PA_IAC_XREF_20,3/5/2026,10:17:06
,AIM.T_PA_IAC_XREF_21.gz,AIM.T_PA_IAC_XREF_21,3/5/2026,10:17:06
,AIM.T_PA_IAC_XREF_22.gz,AIM.T_PA_IAC_XREF_22,3/5/2026,10:17:06
,AIM.T_PA_IAC_XREF_23.gz,AIM.T_PA_IAC_XREF_23,3/5/2026,10:17:06
,AIM.T_PA_IAC_XREF_24.gz,AIM.T_PA_IAC_XREF_24,3/5/2026,10:17:06
,AIM.T_PA_IAC_XREF_25.gz,AIM.T_PA_IAC_XREF_25,3/5/2026,10:17:06
,AIM.T_PA_IAC_XREF_2.gz,AIM.T_PA_IAC_XREF_2,3/5/2026,10:17:06
,AIM.T_PA_IAC_XREF_3.gz,AIM.T_PA_IAC_XREF_3,3/5/2026,10:17:44
,AIM.T_PA_IAC_XREF_4.gz,AIM.T_PA_IAC_XREF_4,3/5/2026,10:17:44
,AIM.T_PA_IAC_XREF_5.gz,AIM.T_PA_IAC_XREF_5,3/5/2026,10:17:44
,AIM.T_PA_IAC_XREF_6.gz,AIM.T_PA_IAC_XREF_6,3/5/2026,10:17:44
,AIM.T_PA_IAC_XREF_7.gz,AIM.T_PA_IAC_XREF_7,3/5/2026,10:17:44
,AIM.T_PA_IAC_XREF_8.gz,AIM.T_PA_IAC_XREF_8,3/5/2026,10:17:44
,AIM.T_PA_IAC_XREF_9.gz,AIM.T_PA_IAC_XREF_9,3/5/2026,10:17:44
,AIM.T_PA_LINEITEM_STAT_0.gz,AIM.T_PA_LINEITEM_STAT_0,3/5/2026,10:17:44
,AIM.T_PATLIAB_HIST_0.gz,AIM.T_PATLIAB_HIST_0,3/5/2026,10:17:44
,AIM.T_PATLIAB_HIST_1.gz,AIM.T_PATLIAB_HIST_1,3/5/2026,10:17:44
,AIM.T_PATLIAB_HIST_2.gz,AIM.T_PATLIAB_HIST_2,3/5/2026,10:17:44
,AIM.T_PATLIAB_HIST_3.gz,AIM.T_PATLIAB_HIST_3,3/5/2026,10:17:44
,AIM.T_PATLIAB_HIST_4.gz,AIM.T_PATLIAB_HIST_4,3/5/2026,10:17:44
,AIM.T_PATLIAB_HIST_5.gz,AIM.T_PATLIAB_HIST_5,3/5/2026,10:17:44
,AIM.T_PATLIAB_HIST_6.gz,AIM.T_PATLIAB_HIST_6,3/5/2026,10:17:44
,AIM.T_PA_TYPE_CODE_0.gz,AIM.T_PA_TYPE_CODE_0,3/5/2026,10:17:44
,AIM.T_PA_UOM_0.gz,AIM.T_PA_UOM_0,3/5/2026,10:17:44
,AIM.T_PAY_CT_XREF_0.gz,AIM.T_PAY_CT_XREF_0,3/5/2026,10:17:44
,AIM.T_PAYER_HIERARCHY_0.gz,AIM.T_PAYER_HIERARCHY_0,3/5/2026,10:17:44
,AIM.T_PAYER_NODE_0.gz,AIM.T_PAYER_NODE_0,3/5/2026,10:17:44
,AIM.T_PAY_PULL_REASON_0.gz,AIM.T_PAY_PULL_REASON_0,3/5/2026,10:17:44
,AIM.T_PR_ACA_BOARD_SPECIALTY_0.gz,AIM.T_PR_ACA_BOARD_SPECIALTY_0,3/5/2026,10:17:44
,AIM.T_PR_ACA_CDE_BOARD_SPEC_0.gz,AIM.T_PR_ACA_CDE_BOARD_SPEC_0,3/5/2026,10:17:44
,AIM.T_PR_ACA_ENHANCED_IND_0.gz,AIM.T_PR_ACA_ENHANCED_IND_0,3/5/2026,10:17:44
,AIM.T_PR_ADDR_CODE_0.gz,AIM.T_PR_ADDR_CODE_0,3/5/2026,10:17:44
,AIM.T_PR_APC_RATE_0.gz,AIM.T_PR_APC_RATE_0,3/5/2026,10:17:44
,AIM.T_PR_APPLN_CODE_0.gz,AIM.T_PR_APPLN_CODE_0,3/5/2026,10:17:44
,AIM.T_PR_APPLN_FEE_0.gz,AIM.T_PR_APPLN_FEE_0,3/5/2026,10:17:44
,AIM.T_PR_APPLN_FEE_STAT_HIST_0.gz,AIM.T_PR_APPLN_FEE_STAT_HIST_0,3/5/2026,10:17:44
,AIM.T_PR_APPLN_RTP_0.gz,AIM.T_PR_APPLN_RTP_0,3/5/2026,10:17:44
,AIM.T_PR_APPLN_STATUS_HIST_0.gz,AIM.T_PR_APPLN_STATUS_HIST_0,3/5/2026,10:17:44
,AIM.T_PR_APPLN_TYPE_0.gz,AIM.T_PR_APPLN_TYPE_0,3/5/2026,10:17:44
,AIM.T_PR_ATN_RTP_RSN_0.gz,AIM.T_PR_ATN_RTP_RSN_0,3/5/2026,10:17:44
,AIM.T_PR_BOARD_MEM_0.gz,AIM.T_PR_BOARD_MEM_0,3/5/2026,10:17:44
,AIM.T_PR_CDE_ACTN_RESULTS_0.gz,AIM.T_PR_CDE_ACTN_RESULTS_0,3/5/2026,10:17:44
,AIM.T_PR_CDE_APPLN_FEE_0.gz,AIM.T_PR_CDE_APPLN_FEE_0,3/5/2026,10:17:44
,AIM.T_PR_CDE_APPLN_METHOD_0.gz,AIM.T_PR_CDE_APPLN_METHOD_0,3/5/2026,10:17:44
,AIM.T_PR_CDE_ATN_RTP_RSN_0.gz,AIM.T_PR_CDE_ATN_RTP_RSN_0,3/5/2026,10:17:44
,AIM.T_PR_CDE_ATTEST_STATUS_0.gz,AIM.T_PR_CDE_ATTEST_STATUS_0,3/5/2026,10:17:45
,AIM.T_PR_CDE_BUS_ACT_0.gz,AIM.T_PR_CDE_BUS_ACT_0,3/5/2026,10:17:45
,AIM.T_PR_CDE_DCF_FACILITY_0.gz,AIM.T_PR_CDE_DCF_FACILITY_0,3/5/2026,10:17:45
,AIM.T_PR_CDE_DCF_LIC_STATUS_0.gz,AIM.T_PR_CDE_DCF_LIC_STATUS_0,3/5/2026,10:17:45
,AIM.T_PR_CDE_DCF_SUBPGM_CAT_0.gz,AIM.T_PR_CDE_DCF_SUBPGM_CAT_0,3/5/2026,10:17:45
,AIM.T_PR_CDE_DMV_STATUS_0.gz,AIM.T_PR_CDE_DMV_STATUS_0,3/5/2026,10:17:45
,AIM.T_PR_CDE_DPH_CRED_ID_0.gz,AIM.T_PR_CDE_DPH_CRED_ID_0,3/5/2026,10:17:45
,AIM.T_PR_CDE_DPH_CRED_RSN_0.gz,AIM.T_PR_CDE_DPH_CRED_RSN_0,3/5/2026,10:17:45
,AIM.T_PR_CDE_FCBC_SCRN_0.gz,AIM.T_PR_CDE_FCBC_SCRN_0,3/5/2026,10:17:45
,AIM.T_PR_CDE_FCBC_STATUS_0.gz,AIM.T_PR_CDE_FCBC_STATUS_0,3/5/2026,10:17:45
,AIM.T_PR_CDE_NPPES_DEACT_0.gz,AIM.T_PR_CDE_NPPES_DEACT_0,3/5/2026,10:17:45
,AIM.T_PR_CDE_NPPES_NAME_0.gz,AIM.T_PR_CDE_NPPES_NAME_0,3/5/2026,10:17:45
,AIM.T_PR_CDE_NPPES_ORG_0.gz,AIM.T_PR_CDE_NPPES_ORG_0,3/5/2026,10:18:14
,AIM.T_PR_CDE_OTHER_ID_TYP_0.gz,AIM.T_PR_CDE_OTHER_ID_TYP_0,3/5/2026,10:18:14
,AIM.T_PR_CDE_PROF_TITLE_0.gz,AIM.T_PR_CDE_PROF_TITLE_0,3/5/2026,10:18:14
,AIM.T_PR_CDE_PROV_SET_RSN_0.gz,AIM.T_PR_CDE_PROV_SET_RSN_0,3/5/2026,10:18:14
,AIM.T_PR_CDE_REVIEW_0.gz,AIM.T_PR_CDE_REVIEW_0,3/5/2026,10:18:14
,AIM.T_PR_CDE_REVIEW_REASON_0.gz,AIM.T_PR_CDE_REVIEW_REASON_0,3/5/2026,10:18:14
,AIM.T_PR_CERT_CODE_XREF_0.gz,AIM.T_PR_CERT_CODE_XREF_0,3/5/2026,10:18:14
,AIM.T_PR_CONTRACT_TYPE_SPEC_0.gz,AIM.T_PR_CONTRACT_TYPE_SPEC_0,3/5/2026,10:18:14
,AIM.T_PR_COVERED_PGM_0.gz,AIM.T_PR_COVERED_PGM_0,3/5/2026,10:18:14
,AIM.T_PR_DEACTIVATE_0.gz,AIM.T_PR_DEACTIVATE_0,3/5/2026,10:18:14
,AIM.T_PR_DISP_FEE_0.gz,AIM.T_PR_DISP_FEE_0,3/5/2026,10:18:14
,AIM.T_PR_DMV_ACTION_TRACKING_0.gz,AIM.T_PR_DMV_ACTION_TRACKING_0,3/5/2026,10:18:14
,AIM.T_PR_DRG_RATE_0.gz,AIM.T_PR_DRG_RATE_0,3/5/2026,10:18:14
,AIM.T_PR_EDIT_EXEMPT_0.gz,AIM.T_PR_EDIT_EXEMPT_0,3/5/2026,10:18:14
,AIM.T_PR_EFT_LETTER_0.gz,AIM.T_PR_EFT_LETTER_0,3/5/2026,10:18:14
,AIM.T_PR_ENC_CONTRACT_0.gz,AIM.T_PR_ENC_CONTRACT_0,3/5/2026,10:18:14
,AIM.T_PR_ENC_ERROR_CODES_0.gz,AIM.T_PR_ENC_ERROR_CODES_0,3/5/2026,10:18:14
,AIM.T_PR_ENC_EXCLUDE_TYPES_0.gz,AIM.T_PR_ENC_EXCLUDE_TYPES_0,3/5/2026,10:18:14
,AIM.T_PR_ENC_NTWK_XREF_0.gz,AIM.T_PR_ENC_NTWK_XREF_0,3/5/2026,10:18:14
,AIM.T_PR_ENC_SHARED_TYPES_0.gz,AIM.T_PR_ENC_SHARED_TYPES_0,3/5/2026,10:18:14
,AIM.T_PR_FACILITY_0.gz,AIM.T_PR_FACILITY_0,3/5/2026,10:18:14
,AIM.T_PR_HOSP_INP_OUT_XREF_0.gz,AIM.T_PR_HOSP_INP_OUT_XREF_0,3/5/2026,10:18:14
,AIM.T_PR_ID_PROV_SET_0.gz,AIM.T_PR_ID_PROV_SET_0,3/5/2026,10:18:14
,AIM.T_PR_ID_TYPE_0.gz,AIM.T_PR_ID_TYPE_0,3/5/2026,10:18:14
,AIM.T_PR_LETTER_DATE_MATRIX_0.gz,AIM.T_PR_LETTER_DATE_MATRIX_0,3/5/2026,10:18:14
,AIM.T_PR_LIC_TYPE_CDE_0.gz,AIM.T_PR_LIC_TYPE_CDE_0,3/5/2026,10:18:14
,AIM.T_PR_LIC_TYPE_XWALK_0.gz,AIM.T_PR_LIC_TYPE_XWALK_0,3/5/2026,10:18:14
,AIM.T_PR_LOC_CODE_0.gz,AIM.T_PR_LOC_CODE_0,3/5/2026,10:18:14
,AIM.T_PR_LOC_PCMH_0.gz,AIM.T_PR_LOC_PCMH_0,3/5/2026,10:18:14
,AIM.T_PR_MAT_CARE_0.gz,AIM.T_PR_MAT_CARE_0,3/5/2026,10:18:14
,AIM.T_PR_MAT_RATE_0.gz,AIM.T_PR_MAT_RATE_0,3/5/2026,10:18:14
,AIM.T_PR_NPPES_ACTION_TRACKING_0.gz,AIM.T_PR_NPPES_ACTION_TRACKING_0,3/5/2026,10:18:14
,AIM.T_PR_NPPES_ACTION_TRACKING_1.gz,AIM.T_PR_NPPES_ACTION_TRACKING_1,3/5/2026,10:18:14
,AIM.T_PR_NPPES_ACTION_TRACKING_2.gz,AIM.T_PR_NPPES_ACTION_TRACKING_2,3/5/2026,10:18:14
,AIM.T_PR_NPPES_OTHER_ID_0.gz,AIM.T_PR_NPPES_OTHER_ID_0,3/5/2026,10:18:14
,AIM.T_PR_NPPES_OTHER_ID_1.gz,AIM.T_PR_NPPES_OTHER_ID_1,3/5/2026,10:18:14
,AIM.T_PR_NPPES_OTHER_ID_2.gz,AIM.T_PR_NPPES_OTHER_ID_2,3/5/2026,10:18:14
,AIM.T_PROC_CONV_FACTOR_0.gz,AIM.T_PROC_CONV_FACTOR_0,3/5/2026,10:18:14
,AIM.T_PROCESS_MOD_0.gz,AIM.T_PROCESS_MOD_0,3/5/2026,10:18:14
,AIM.T_PROC_ICD_LIM_0.gz,AIM.T_PROC_ICD_LIM_0,3/5/2026,10:18:14
,AIM.T_PROC_LIMITS_0.gz,AIM.T_PROC_LIMITS_0,3/5/2026,10:18:14
,AIM.T_PROC_MOD_GROUP_0.gz,AIM.T_PROC_MOD_GROUP_0,3/5/2026,10:18:14
,AIM.T_PROC_MODIFIER_0.gz,AIM.T_PROC_MODIFIER_0,3/5/2026,10:18:14
,AIM.T_PROC_MOD_TYPE_0.gz,AIM.T_PROC_MOD_TYPE_0,3/5/2026,10:18:14
,AIM.T_PROC_NOTES_0.gz,AIM.T_PROC_NOTES_0,3/5/2026,10:18:14
,AIM.T_PROC_TOOTH_0.gz,AIM.T_PROC_TOOTH_0,3/5/2026,10:18:14
,AIM.T_PROC_TOOTH_QUAD_0.gz,AIM.T_PROC_TOOTH_QUAD_0,3/5/2026,10:18:14
,AIM.T_PR_PCP_INDICATOR_0.gz,AIM.T_PR_PCP_INDICATOR_0,3/5/2026,10:18:14
,AIM.T_PR_PCP_PCMH_0.gz,AIM.T_PR_PCP_PCMH_0,3/5/2026,10:18:14
,AIM.T_PR_PCP_RSN_CDE_0.gz,AIM.T_PR_PCP_RSN_CDE_0,3/5/2026,10:18:14
,AIM.T_PR_PERF_GRP_UNAFL_0.gz,AIM.T_PR_PERF_GRP_UNAFL_0,3/5/2026,10:18:49
,AIM.T_PR_PGM_CT_XREF_0.gz,AIM.T_PR_PGM_CT_XREF_0,3/5/2026,10:18:49
,AIM.T_PR_PHP_ELIG_DTE_0.gz,AIM.T_PR_PHP_ELIG_DTE_0,3/5/2026,10:18:49
,AIM.T_PR_PROV_YTD_AMT_0.gz,AIM.T_PR_PROV_YTD_AMT_0,3/5/2026,10:18:49
,AIM.T_PR_RST_SVC_0.gz,AIM.T_PR_RST_SVC_0,3/5/2026,10:18:49
,AIM.T_PR_STATE_AGENCY_0.gz,AIM.T_PR_STATE_AGENCY_0,3/5/2026,10:18:49
,AIM.T_PR_SUMM_TBL_LIST_0.gz,AIM.T_PR_SUMM_TBL_LIST_0,3/5/2026,10:18:49
,AIM.T_PR_TAXONOMY_CORE_0.gz,AIM.T_PR_TAXONOMY_CORE_0,3/5/2026,10:18:49
,AIM.T_PR_TITLE_CODE_0.gz,AIM.T_PR_TITLE_CODE_0,3/5/2026,10:18:49
,AIM.T_PR_TYPE_SPEC_0.gz,AIM.T_PR_TYPE_SPEC_0,3/5/2026,10:18:49
,AIM.T_PR_UCC_RCC_0.gz,AIM.T_PR_UCC_RCC_0,3/5/2026,10:18:49
,AIM.T_PR_VEHICLE_INFO_0.gz,AIM.T_PR_VEHICLE_INFO_0,3/5/2026,10:18:49
,AIM.T_PR_YTD_AMT_HIST_0.gz,AIM.T_PR_YTD_AMT_HIST_0,3/5/2026,10:18:49
,AIM.T_PR_YTD_AMT_HIST_1.gz,AIM.T_PR_YTD_AMT_HIST_1,3/5/2026,10:18:49
,AIM.T_PR_YTD_AMT_HIST_2.gz,AIM.T_PR_YTD_AMT_HIST_2,3/5/2026,10:18:49
,AIM.T_PR_YTD_AMT_HIST_3.gz,AIM.T_PR_YTD_AMT_HIST_3,3/5/2026,10:18:49
,AIM.T_PR_YTD_AMT_HIST_4.gz,AIM.T_PR_YTD_AMT_HIST_4,3/5/2026,10:18:49
,AIM.T_PUB_HLTH_AID_0.gz,AIM.T_PUB_HLTH_AID_0,3/5/2026,10:18:49
,AIM.T_RE_ADJ_PMPM_XREF_0.gz,AIM.T_RE_ADJ_PMPM_XREF_0,3/5/2026,10:18:49
,AIM.T_RE_ADJ_PMPM_XREF_1.gz,AIM.T_RE_ADJ_PMPM_XREF_1,3/5/2026,10:18:49
,AIM.T_RE_AHCT_MATCH_MASTER_0.gz,AIM.T_RE_AHCT_MATCH_MASTER_0,3/5/2026,10:18:49
,AIM.T_RE_AID_RENEWAL_0.gz,AIM.T_RE_AID_RENEWAL_0,3/5/2026,10:18:49
,AIM.T_RE_AID_RENEWAL_1.gz,AIM.T_RE_AID_RENEWAL_1,3/5/2026,10:18:49
,AIM.T_RE_AID_RENEWAL_2.gz,AIM.T_RE_AID_RENEWAL_2,3/5/2026,10:18:49
,AIM.T_RE_BP_AID_0.gz,AIM.T_RE_BP_AID_0,3/5/2026,10:18:49
,AIM.T_RE_BP_HIERARCHY_0.gz,AIM.T_RE_BP_HIERARCHY_0,3/5/2026,10:18:49
,AIM.T_RE_BP_WAIVER_0.gz,AIM.T_RE_BP_WAIVER_0,3/5/2026,10:18:49
,AIM.T_RE_CADAP_LIS_0.gz,AIM.T_RE_CADAP_LIS_0,3/5/2026,10:18:49
,AIM.T_RE_CDE_ADR_USAGE_0.gz,AIM.T_RE_CDE_ADR_USAGE_0,3/5/2026,10:18:49
,AIM.T_RE_CDE_AUTHORIZATION_0.gz,AIM.T_RE_CDE_AUTHORIZATION_0,3/5/2026,10:18:49
,AIM.T_RE_CDE_CASE_MGMT_0.gz,AIM.T_RE_CDE_CASE_MGMT_0,3/5/2026,10:18:49
,AIM.T_RE_CDE_ELIG_INFO_0.gz,AIM.T_RE_CDE_ELIG_INFO_0,3/5/2026,10:18:49
,AIM.T_RE_CDE_ENTITY_ID_0.gz,AIM.T_RE_CDE_ENTITY_ID_0,3/5/2026,10:18:49
,AIM.T_RE_CDE_IMP_LIV_0.gz,AIM.T_RE_CDE_IMP_LIV_0,3/5/2026,10:18:49
,AIM.T_RE_CDE_MATCH_LEVEL_0.gz,AIM.T_RE_CDE_MATCH_LEVEL_0,3/5/2026,10:18:49
,AIM.T_RE_CDE_MCARE_ID_TYPE_0.gz,AIM.T_RE_CDE_MCARE_ID_TYPE_0,3/5/2026,10:18:49
,AIM.T_RE_CDE_MMA_PROCESS_0.gz,AIM.T_RE_CDE_MMA_PROCESS_0,3/5/2026,10:18:49
,AIM.T_RE_CDE_PARTD_DUAL_STATUS_0.gz,AIM.T_RE_CDE_PARTD_DUAL_STATUS_0,3/5/2026,10:18:49
,AIM.T_RE_CDE_PBP_COV_TYPE_0.gz,AIM.T_RE_CDE_PBP_COV_TYPE_0,3/5/2026,10:18:49
,AIM.T_RE_CDE_PDP_TYPE_0.gz,AIM.T_RE_CDE_PDP_TYPE_0,3/5/2026,10:18:49
,AIM.T_RE_CDE_PS2_PROCESS_0.gz,AIM.T_RE_CDE_PS2_PROCESS_0,3/5/2026,10:18:49
,AIM.T_RE_CDE_QUAL_ID_0.gz,AIM.T_RE_CDE_QUAL_ID_0,3/5/2026,10:18:49
,AIM.T_RE_CDE_REAS_MCARE_ID_0.gz,AIM.T_RE_CDE_REAS_MCARE_ID_0,3/5/2026,10:18:49
,AIM.T_RE_CDE_REJECT_0.gz,AIM.T_RE_CDE_REJECT_0,3/5/2026,10:18:49
,AIM.T_RE_CDE_RESPONSE_0.gz,AIM.T_RE_CDE_RESPONSE_0,3/5/2026,10:18:49
,AIM.T_RE_CDE_SOURCE_0.gz,AIM.T_RE_CDE_SOURCE_0,3/5/2026,10:18:49
,AIM.T_RE_CDE_SVC_TYPE_0.gz,AIM.T_RE_CDE_SVC_TYPE_0,3/5/2026,10:18:49
,AIM.T_RE_CDE_WAIVER_TYPE_0.gz,AIM.T_RE_CDE_WAIVER_TYPE_0,3/5/2026,10:18:49
,AIM.T_RECIP_LINK_XREF_0.gz,AIM.T_RECIP_LINK_XREF_0,3/5/2026,10:18:49
,AIM.T_RE_CITIZEN_DSC_0.gz,AIM.T_RE_CITIZEN_DSC_0,3/5/2026,10:18:49
,AIM.T_REF_CAQH_BUS_SCENARIO_0.gz,AIM.T_REF_CAQH_BUS_SCENARIO_0,3/5/2026,10:20:01
,AIM.T_REF_CAQH_CARC_RARC_MSTR_0.gz,AIM.T_REF_CAQH_CARC_RARC_MSTR_0,3/5/2026,10:20:01
,AIM.T_REF_CAQH_CARC_RARC_XREF_0.gz,AIM.T_REF_CAQH_CARC_RARC_XREF_0,3/5/2026,10:20:01
,AIM.T_REF_CLIA_LC_PROC_0.gz,AIM.T_REF_CLIA_LC_PROC_0,3/5/2026,10:20:01
,AIM.T_REF_CLM_OPR_XREF_0.gz,AIM.T_REF_CLM_OPR_XREF_0,3/5/2026,10:20:01
,AIM.T_REF_MB_HCPCS_XRF_0.gz,AIM.T_REF_MB_HCPCS_XRF_0,3/5/2026,10:20:01
,AIM.T_REF_MOD_PROC_REST_0.gz,AIM.T_REF_MOD_PROC_REST_0,3/5/2026,10:20:01
,AIM.T_REF_MOD_PTPS_REST_0.gz,AIM.T_REF_MOD_PTPS_REST_0,3/5/2026,10:20:01
,AIM.T_REF_NCCI_MUE_0.gz,AIM.T_REF_NCCI_MUE_0,3/5/2026,10:20:01
,AIM.T_REF_UCC_0.gz,AIM.T_REF_UCC_0,3/5/2026,10:20:01
,AIM.T_RE_LINK_PROC_0.gz,AIM.T_RE_LINK_PROC_0,3/5/2026,10:20:01
,AIM.T_RE_LINK_RQST_0.gz,AIM.T_RE_LINK_RQST_0,3/5/2026,10:20:01
,AIM.T_RE_LIV_ARNG_XREF_0.gz,AIM.T_RE_LIV_ARNG_XREF_0,3/5/2026,10:20:01
,AIM.T_RE_MED_D_EXCPT_0.gz,AIM.T_RE_MED_D_EXCPT_0,3/5/2026,10:20:01
,AIM.T_RE_MEDICARE_B_ID_0.gz,AIM.T_RE_MEDICARE_B_ID_0,3/5/2026,10:20:01
,AIM.T_RE_MEDICARE_D_0.gz,AIM.T_RE_MEDICARE_D_0,3/5/2026,10:20:01
,AIM.T_RE_MEDICARE_D_1.gz,AIM.T_RE_MEDICARE_D_1,3/5/2026,10:20:01
,AIM.T_RE_MMA_AID_INFO_0.gz,AIM.T_RE_MMA_AID_INFO_0,3/5/2026,10:20:01
,AIM.T_RE_NEWLY_ELIG_0.gz,AIM.T_RE_NEWLY_ELIG_0,3/5/2026,10:20:01
,AIM.T_RE_NONCITIZ_FUND_0.gz,AIM.T_RE_NONCITIZ_FUND_0,3/5/2026,10:20:01
,AIM.T_RE_NONCITIZ_FUND_1.gz,AIM.T_RE_NONCITIZ_FUND_1,3/5/2026,10:20:01
,AIM.T_RE_NONCITIZ_FUND_2.gz,AIM.T_RE_NONCITIZ_FUND_2,3/5/2026,10:20:01
,AIM.T_RE_NONCITIZ_FUND_3.gz,AIM.T_RE_NONCITIZ_FUND_3,3/5/2026,10:20:01
,AIM.T_RE_NONCITIZ_FUND_4.gz,AIM.T_RE_NONCITIZ_FUND_4,3/5/2026,10:20:01
,AIM.T_RE_NONCITIZ_FUND_5.gz,AIM.T_RE_NONCITIZ_FUND_5,3/5/2026,10:20:01
,AIM.T_RE_OTHER_RACE_0.gz,AIM.T_RE_OTHER_RACE_0,3/5/2026,10:20:01
,AIM.T_RE_PARTD_PDP_PLAN_0.gz,AIM.T_RE_PARTD_PDP_PLAN_0,3/5/2026,10:20:01
,AIM.T_RE_PBP_0.gz,AIM.T_RE_PBP_0,3/5/2026,10:20:01
,AIM.T_RE_PCCM_PAYMENT_0.gz,AIM.T_RE_PCCM_PAYMENT_0,3/5/2026,10:20:01
,AIM.T_RE_PCCM_PAYMENT_100.gz,AIM.T_RE_PCCM_PAYMENT_100,3/5/2026,10:20:01
,AIM.T_RE_PCCM_PAYMENT_101.gz,AIM.T_RE_PCCM_PAYMENT_101,3/5/2026,10:20:01
,AIM.T_RE_PCCM_PAYMENT_102.gz,AIM.T_RE_PCCM_PAYMENT_102,3/5/2026,10:20:01
,AIM.T_RE_PCCM_PAYMENT_103.gz,AIM.T_RE_PCCM_PAYMENT_103,3/5/2026,10:20:01
,AIM.T_RE_PCCM_PAYMENT_104.gz,AIM.T_RE_PCCM_PAYMENT_104,3/5/2026,10:20:01
,AIM.T_RE_PCCM_PAYMENT_105.gz,AIM.T_RE_PCCM_PAYMENT_105,3/5/2026,10:20:01
,AIM.T_RE_PCCM_PAYMENT_106.gz,AIM.T_RE_PCCM_PAYMENT_106,3/5/2026,10:20:01
,AIM.T_RE_PCCM_PAYMENT_10.gz,AIM.T_RE_PCCM_PAYMENT_10,3/5/2026,10:20:01
,AIM.T_RE_PCCM_PAYMENT_11.gz,AIM.T_RE_PCCM_PAYMENT_11,3/5/2026,10:20:01
,AIM.T_RE_PCCM_PAYMENT_12.gz,AIM.T_RE_PCCM_PAYMENT_12,3/5/2026,10:20:01
,AIM.T_RE_PCCM_PAYMENT_13.gz,AIM.T_RE_PCCM_PAYMENT_13,3/5/2026,10:20:01
,AIM.T_RE_PCCM_PAYMENT_14.gz,AIM.T_RE_PCCM_PAYMENT_14,3/5/2026,10:20:01
,AIM.T_RE_PCCM_PAYMENT_15.gz,AIM.T_RE_PCCM_PAYMENT_15,3/5/2026,10:20:01
,AIM.T_RE_PCCM_PAYMENT_16.gz,AIM.T_RE_PCCM_PAYMENT_16,3/5/2026,10:20:01
,AIM.T_RE_PCCM_PAYMENT_17.gz,AIM.T_RE_PCCM_PAYMENT_17,3/5/2026,10:20:01
,AIM.T_RE_PCCM_PAYMENT_18.gz,AIM.T_RE_PCCM_PAYMENT_18,3/5/2026,10:20:01
,AIM.T_RE_PCCM_PAYMENT_19.gz,AIM.T_RE_PCCM_PAYMENT_19,3/5/2026,10:20:01
,AIM.T_RE_PCCM_PAYMENT_1.gz,AIM.T_RE_PCCM_PAYMENT_1,3/5/2026,10:20:01
,AIM.T_RE_PCCM_PAYMENT_20.gz,AIM.T_RE_PCCM_PAYMENT_20,3/5/2026,10:20:01
,AIM.T_RE_PCCM_PAYMENT_21.gz,AIM.T_RE_PCCM_PAYMENT_21,3/5/2026,10:20:01
,AIM.T_RE_PCCM_PAYMENT_22.gz,AIM.T_RE_PCCM_PAYMENT_22,3/5/2026,10:20:01
,AIM.T_RE_PCCM_PAYMENT_23.gz,AIM.T_RE_PCCM_PAYMENT_23,3/5/2026,10:22:01
,AIM.T_RE_PCCM_PAYMENT_24.gz,AIM.T_RE_PCCM_PAYMENT_24,3/5/2026,10:22:01
,AIM.T_RE_PCCM_PAYMENT_25.gz,AIM.T_RE_PCCM_PAYMENT_25,3/5/2026,10:22:01
,AIM.T_RE_PCCM_PAYMENT_26.gz,AIM.T_RE_PCCM_PAYMENT_26,3/5/2026,10:22:01
,AIM.T_RE_PCCM_PAYMENT_27.gz,AIM.T_RE_PCCM_PAYMENT_27,3/5/2026,10:22:01
,AIM.T_RE_PCCM_PAYMENT_28.gz,AIM.T_RE_PCCM_PAYMENT_28,3/5/2026,10:22:01
,AIM.T_RE_PCCM_PAYMENT_29.gz,AIM.T_RE_PCCM_PAYMENT_29,3/5/2026,10:22:01
,AIM.T_RE_PCCM_PAYMENT_2.gz,AIM.T_RE_PCCM_PAYMENT_2,3/5/2026,10:22:01
,AIM.T_RE_PCCM_PAYMENT_30.gz,AIM.T_RE_PCCM_PAYMENT_30,3/5/2026,10:22:01
,AIM.T_RE_PCCM_PAYMENT_31.gz,AIM.T_RE_PCCM_PAYMENT_31,3/5/2026,10:22:01
,AIM.T_RE_PCCM_PAYMENT_32.gz,AIM.T_RE_PCCM_PAYMENT_32,3/5/2026,10:22:01
,AIM.T_RE_PCCM_PAYMENT_33.gz,AIM.T_RE_PCCM_PAYMENT_33,3/5/2026,10:22:01
,AIM.T_RE_PCCM_PAYMENT_34.gz,AIM.T_RE_PCCM_PAYMENT_34,3/5/2026,10:22:01
,AIM.T_RE_PCCM_PAYMENT_35.gz,AIM.T_RE_PCCM_PAYMENT_35,3/5/2026,10:22:01
,AIM.T_RE_PCCM_PAYMENT_36.gz,AIM.T_RE_PCCM_PAYMENT_36,3/5/2026,10:22:01
,AIM.T_RE_PCCM_PAYMENT_37.gz,AIM.T_RE_PCCM_PAYMENT_37,3/5/2026,10:22:01
,AIM.T_RE_PCCM_PAYMENT_38.gz,AIM.T_RE_PCCM_PAYMENT_38,3/5/2026,10:22:01
,AIM.T_RE_PCCM_PAYMENT_39.gz,AIM.T_RE_PCCM_PAYMENT_39,3/5/2026,10:22:01
,AIM.T_RE_PCCM_PAYMENT_3.gz,AIM.T_RE_PCCM_PAYMENT_3,3/5/2026,10:22:01
,AIM.T_RE_PCCM_PAYMENT_40.gz,AIM.T_RE_PCCM_PAYMENT_40,3/5/2026,10:22:01
,AIM.T_RE_PCCM_PAYMENT_41.gz,AIM.T_RE_PCCM_PAYMENT_41,3/5/2026,10:22:01
,AIM.T_RE_PCCM_PAYMENT_42.gz,AIM.T_RE_PCCM_PAYMENT_42,3/5/2026,10:22:01
,AIM.T_RE_PCCM_PAYMENT_43.gz,AIM.T_RE_PCCM_PAYMENT_43,3/5/2026,10:22:01
,AIM.T_RE_PCCM_PAYMENT_44.gz,AIM.T_RE_PCCM_PAYMENT_44,3/5/2026,10:22:01
,AIM.T_RE_PCCM_PAYMENT_45.gz,AIM.T_RE_PCCM_PAYMENT_45,3/5/2026,10:22:01
,AIM.T_RE_PCCM_PAYMENT_46.gz,AIM.T_RE_PCCM_PAYMENT_46,3/5/2026,10:22:01
,AIM.T_RE_PCCM_PAYMENT_47.gz,AIM.T_RE_PCCM_PAYMENT_47,3/5/2026,10:22:01
,AIM.T_RE_PCCM_PAYMENT_48.gz,AIM.T_RE_PCCM_PAYMENT_48,3/5/2026,10:22:01
,AIM.T_RE_PCCM_PAYMENT_49.gz,AIM.T_RE_PCCM_PAYMENT_49,3/5/2026,10:22:01
,AIM.T_RE_PCCM_PAYMENT_4.gz,AIM.T_RE_PCCM_PAYMENT_4,3/5/2026,10:22:01
,AIM.T_RE_PCCM_PAYMENT_50.gz,AIM.T_RE_PCCM_PAYMENT_50,3/5/2026,10:22:01
,AIM.T_RE_PCCM_PAYMENT_51.gz,AIM.T_RE_PCCM_PAYMENT_51,3/5/2026,10:22:01
,AIM.T_RE_PCCM_PAYMENT_52.gz,AIM.T_RE_PCCM_PAYMENT_52,3/5/2026,10:22:01
,AIM.T_RE_PCCM_PAYMENT_53.gz,AIM.T_RE_PCCM_PAYMENT_53,3/5/2026,10:22:01
,AIM.T_RE_PCCM_PAYMENT_54.gz,AIM.T_RE_PCCM_PAYMENT_54,3/5/2026,10:22:01
,AIM.T_RE_PCCM_PAYMENT_55.gz,AIM.T_RE_PCCM_PAYMENT_55,3/5/2026,10:22:01
,AIM.T_RE_PCCM_PAYMENT_56.gz,AIM.T_RE_PCCM_PAYMENT_56,3/5/2026,10:22:01
,AIM.T_RE_PCCM_PAYMENT_57.gz,AIM.T_RE_PCCM_PAYMENT_57,3/5/2026,10:22:01
,AIM.T_RE_PCCM_PAYMENT_58.gz,AIM.T_RE_PCCM_PAYMENT_58,3/5/2026,10:22:01
,AIM.T_RE_PCCM_PAYMENT_59.gz,AIM.T_RE_PCCM_PAYMENT_59,3/5/2026,10:22:01
,AIM.T_RE_PCCM_PAYMENT_5.gz,AIM.T_RE_PCCM_PAYMENT_5,3/5/2026,10:22:01
,AIM.T_RE_PCCM_PAYMENT_60.gz,AIM.T_RE_PCCM_PAYMENT_60,3/5/2026,10:22:01
,AIM.T_RE_PCCM_PAYMENT_61.gz,AIM.T_RE_PCCM_PAYMENT_61,3/5/2026,10:22:01
,AIM.T_RE_PCCM_PAYMENT_62.gz,AIM.T_RE_PCCM_PAYMENT_62,3/5/2026,10:22:01
,AIM.T_RE_PCCM_PAYMENT_63.gz,AIM.T_RE_PCCM_PAYMENT_63,3/5/2026,10:22:01
,AIM.T_RE_PCCM_PAYMENT_64.gz,AIM.T_RE_PCCM_PAYMENT_64,3/5/2026,10:22:01
,AIM.T_RE_PCCM_PAYMENT_65.gz,AIM.T_RE_PCCM_PAYMENT_65,3/5/2026,10:22:01
,AIM.T_RE_PCCM_PAYMENT_66.gz,AIM.T_RE_PCCM_PAYMENT_66,3/5/2026,10:22:01
,AIM.T_RE_PCCM_PAYMENT_67.gz,AIM.T_RE_PCCM_PAYMENT_67,3/5/2026,10:22:01
,AIM.T_RE_PCCM_PAYMENT_68.gz,AIM.T_RE_PCCM_PAYMENT_68,3/5/2026,10:22:01
,AIM.T_RE_PCCM_PAYMENT_69.gz,AIM.T_RE_PCCM_PAYMENT_69,3/5/2026,10:23:43
,AIM.T_RE_PCCM_PAYMENT_6.gz,AIM.T_RE_PCCM_PAYMENT_6,3/5/2026,10:23:43
,AIM.T_RE_PCCM_PAYMENT_70.gz,AIM.T_RE_PCCM_PAYMENT_70,3/5/2026,10:23:43
,AIM.T_RE_PCCM_PAYMENT_71.gz,AIM.T_RE_PCCM_PAYMENT_71,3/5/2026,10:23:43
,AIM.T_RE_PCCM_PAYMENT_72.gz,AIM.T_RE_PCCM_PAYMENT_72,3/5/2026,10:23:43
,AIM.T_RE_PCCM_PAYMENT_73.gz,AIM.T_RE_PCCM_PAYMENT_73,3/5/2026,10:23:43
,AIM.T_RE_PCCM_PAYMENT_74.gz,AIM.T_RE_PCCM_PAYMENT_74,3/5/2026,10:23:43
,AIM.T_RE_PCCM_PAYMENT_75.gz,AIM.T_RE_PCCM_PAYMENT_75,3/5/2026,10:23:43
,AIM.T_RE_PCCM_PAYMENT_76.gz,AIM.T_RE_PCCM_PAYMENT_76,3/5/2026,10:23:43
,AIM.T_RE_PCCM_PAYMENT_77.gz,AIM.T_RE_PCCM_PAYMENT_77,3/5/2026,10:23:43
,AIM.T_RE_PCCM_PAYMENT_78.gz,AIM.T_RE_PCCM_PAYMENT_78,3/5/2026,10:23:43
,AIM.T_RE_PCCM_PAYMENT_79.gz,AIM.T_RE_PCCM_PAYMENT_79,3/5/2026,10:23:43
,AIM.T_RE_PCCM_PAYMENT_7.gz,AIM.T_RE_PCCM_PAYMENT_7,3/5/2026,10:23:43
,AIM.T_RE_PCCM_PAYMENT_80.gz,AIM.T_RE_PCCM_PAYMENT_80,3/5/2026,10:23:43
,AIM.T_RE_PCCM_PAYMENT_81.gz,AIM.T_RE_PCCM_PAYMENT_81,3/5/2026,10:23:44
,AIM.T_RE_PCCM_PAYMENT_82.gz,AIM.T_RE_PCCM_PAYMENT_82,3/5/2026,10:23:44
,AIM.T_RE_PCCM_PAYMENT_83.gz,AIM.T_RE_PCCM_PAYMENT_83,3/5/2026,10:23:44
,AIM.T_RE_PCCM_PAYMENT_84.gz,AIM.T_RE_PCCM_PAYMENT_84,3/5/2026,10:23:44
,AIM.T_RE_PCCM_PAYMENT_85.gz,AIM.T_RE_PCCM_PAYMENT_85,3/5/2026,10:23:44
,AIM.T_RE_PCCM_PAYMENT_86.gz,AIM.T_RE_PCCM_PAYMENT_86,3/5/2026,10:23:44
,AIM.T_RE_PCCM_PAYMENT_87.gz,AIM.T_RE_PCCM_PAYMENT_87,3/5/2026,10:23:44
,AIM.T_RE_PCCM_PAYMENT_88.gz,AIM.T_RE_PCCM_PAYMENT_88,3/5/2026,10:23:44
,AIM.T_RE_PCCM_PAYMENT_89.gz,AIM.T_RE_PCCM_PAYMENT_89,3/5/2026,10:23:44
,AIM.T_RE_PCCM_PAYMENT_8.gz,AIM.T_RE_PCCM_PAYMENT_8,3/5/2026,10:23:44
,AIM.T_RE_PCCM_PAYMENT_90.gz,AIM.T_RE_PCCM_PAYMENT_90,3/5/2026,10:23:44
,AIM.T_RE_PCCM_PAYMENT_91.gz,AIM.T_RE_PCCM_PAYMENT_91,3/5/2026,10:23:44
,AIM.T_RE_PCCM_PAYMENT_92.gz,AIM.T_RE_PCCM_PAYMENT_92,3/5/2026,10:23:44
,AIM.T_RE_PCCM_PAYMENT_93.gz,AIM.T_RE_PCCM_PAYMENT_93,3/5/2026,10:23:44
,AIM.T_RE_PCCM_PAYMENT_94.gz,AIM.T_RE_PCCM_PAYMENT_94,3/5/2026,10:23:44
,AIM.T_RE_PCCM_PAYMENT_95.gz,AIM.T_RE_PCCM_PAYMENT_95,3/5/2026,10:23:44
,AIM.T_RE_PCCM_PAYMENT_96.gz,AIM.T_RE_PCCM_PAYMENT_96,3/5/2026,10:23:44
,AIM.T_RE_PCCM_PAYMENT_97.gz,AIM.T_RE_PCCM_PAYMENT_97,3/5/2026,10:23:44
,AIM.T_RE_PCCM_PAYMENT_98.gz,AIM.T_RE_PCCM_PAYMENT_98,3/5/2026,10:23:44
,AIM.T_RE_PCCM_PAYMENT_99.gz,AIM.T_RE_PCCM_PAYMENT_99,3/5/2026,10:23:44
,AIM.T_RE_PCCM_PAYMENT_9.gz,AIM.T_RE_PCCM_PAYMENT_9,3/5/2026,10:23:44
,AIM.T_RE_PDP_BALANCE_0.gz,AIM.T_RE_PDP_BALANCE_0,3/5/2026,10:23:44
,AIM.T_RE_PDP_PAYMENT_0.gz,AIM.T_RE_PDP_PAYMENT_0,3/5/2026,10:23:44
,AIM.T_RE_PDP_PAYMENT_1.gz,AIM.T_RE_PDP_PAYMENT_1,3/5/2026,10:23:44
,AIM.T_RE_PDP_PAYMENT_2.gz,AIM.T_RE_PDP_PAYMENT_2,3/5/2026,10:23:44
,AIM.T_RE_PDP_PAYMENT_3.gz,AIM.T_RE_PDP_PAYMENT_3,3/5/2026,10:23:44
,AIM.T_RE_PDP_PAYMENT_4.gz,AIM.T_RE_PDP_PAYMENT_4,3/5/2026,10:23:44
,AIM.T_RE_PDP_PAYMENT_5.gz,AIM.T_RE_PDP_PAYMENT_5,3/5/2026,10:23:44
,AIM.T_RE_PDP_PAYMENT_6.gz,AIM.T_RE_PDP_PAYMENT_6,3/5/2026,10:23:44
,AIM.T_RE_PDP_PAYMENT_7.gz,AIM.T_RE_PDP_PAYMENT_7,3/5/2026,10:23:44
,AIM.T_RE_PREV_CTY_0.gz,AIM.T_RE_PREV_CTY_0,3/5/2026,10:23:44
,AIM.T_RE_PREV_CTY_1.gz,AIM.T_RE_PREV_CTY_1,3/5/2026,10:23:44
,AIM.T_RE_PREV_CTY_2.gz,AIM.T_RE_PREV_CTY_2,3/5/2026,10:23:44
,AIM.T_RE_PREV_CTY_3.gz,AIM.T_RE_PREV_CTY_3,3/5/2026,10:23:44
,AIM.T_RE_PREV_CTY_4.gz,AIM.T_RE_PREV_CTY_4,3/5/2026,10:23:44
,AIM.T_RE_PREV_CTY_5.gz,AIM.T_RE_PREV_CTY_5,3/5/2026,10:23:44
,AIM.T_RE_PREV_CTY_6.gz,AIM.T_RE_PREV_CTY_6,3/5/2026,10:24:15
,AIM.T_RE_PREV_CTY_7.gz,AIM.T_RE_PREV_CTY_7,3/5/2026,10:24:15
,AIM.T_RE_RECIP_TYPE_0.gz,AIM.T_RE_RECIP_TYPE_0,3/5/2026,10:24:15
,AIM.T_RE_REGION_XREF_0.gz,AIM.T_RE_REGION_XREF_0,3/5/2026,10:24:15
,AIM.T_RE_RETRO_AID_RULES_0.gz,AIM.T_RE_RETRO_AID_RULES_0,3/5/2026,10:24:15
,AIM.T_RE_RETRO_AID_RU_XREF_0.gz,AIM.T_RE_RETRO_AID_RU_XREF_0,3/5/2026,10:24:15
,AIM.T_RE_RETRO_LIAB_0.gz,AIM.T_RE_RETRO_LIAB_0,3/5/2026,10:24:15
,AIM.T_RE_RETRO_MED_D_0.gz,AIM.T_RE_RETRO_MED_D_0,3/5/2026,10:24:15
,AIM.T_RE_RETRO_NH_TXNS_0.gz,AIM.T_RE_RETRO_NH_TXNS_0,3/5/2026,10:24:15
,AIM.T_RE_RETRO_TXNS_0.gz,AIM.T_RE_RETRO_TXNS_0,3/5/2026,10:24:15
,AIM.T_RE_RETRO_WVR_TXNS_0.gz,AIM.T_RE_RETRO_WVR_TXNS_0,3/5/2026,10:24:15
,AIM.T_RE_RR_BLK_INFO_0.gz,AIM.T_RE_RR_BLK_INFO_0,3/5/2026,10:24:15
,AIM.T_RESO_STATUS_0.gz,AIM.T_RESO_STATUS_0,3/5/2026,10:24:15
,AIM.T_RE_SOURCE_BP_XREF_0.gz,AIM.T_RE_SOURCE_BP_XREF_0,3/5/2026,10:24:15
,AIM.T_RE_THIRD_PARTY_DEMOG_0.gz,AIM.T_RE_THIRD_PARTY_DEMOG_0,3/5/2026,10:24:15
,AIM.T_REVENUE_FLAT_FEE_0.gz,AIM.T_REVENUE_FLAT_FEE_0,3/5/2026,10:24:15
,AIM.T_REV_PR_SET_RSTN_0.gz,AIM.T_REV_PR_SET_RSTN_0,3/5/2026,10:24:15
,AIM.T_REV_SPEC_RSTN_0.gz,AIM.T_REV_SPEC_RSTN_0,3/5/2026,10:24:15
,AIM.T_RU_COMPARISON_0.gz,AIM.T_RU_COMPARISON_0,3/5/2026,10:24:15
,AIM.T_RU_COMPARISON_1.gz,AIM.T_RU_COMPARISON_1,3/5/2026,10:24:15
,AIM.T_RU_CONDITION_0.gz,AIM.T_RU_CONDITION_0,3/5/2026,10:24:15
,AIM.T_RU_CONDITION_1.gz,AIM.T_RU_CONDITION_1,3/5/2026,10:24:15
,AIM.T_RU_CONDITION_2.gz,AIM.T_RU_CONDITION_2,3/5/2026,10:24:15
,AIM.T_RU_DECISION_0.gz,AIM.T_RU_DECISION_0,3/5/2026,10:24:15
,AIM.T_RU_DECISION_VAR_0.gz,AIM.T_RU_DECISION_VAR_0,3/5/2026,10:24:15
,AIM.T_RU_DISCRETE_SET_0.gz,AIM.T_RU_DISCRETE_SET_0,3/5/2026,10:24:15
,AIM.T_RU_DISCRETE_SET_1.gz,AIM.T_RU_DISCRETE_SET_1,3/5/2026,10:24:15
,AIM.T_RU_DISCRETE_SET_2.gz,AIM.T_RU_DISCRETE_SET_2,3/5/2026,10:24:15
,AIM.T_RU_DOMAIN_0.gz,AIM.T_RU_DOMAIN_0,3/5/2026,10:24:15
,AIM.T_RU_LIMIT_TYPE_XREF_0.gz,AIM.T_RU_LIMIT_TYPE_XREF_0,3/5/2026,10:24:15
,AIM.T_RU_PUB_HLTH_PGM_XREF_0.gz,AIM.T_RU_PUB_HLTH_PGM_XREF_0,3/5/2026,10:24:15
,AIM.T_RU_RELATION_0.gz,AIM.T_RU_RELATION_0,3/5/2026,10:24:15
,AIM.T_RU_RELATION_XREF_0.gz,AIM.T_RU_RELATION_XREF_0,3/5/2026,10:24:15
,AIM.T_RU_RULE_0.gz,AIM.T_RU_RULE_0,3/5/2026,10:24:15
,AIM.T_RU_RULE_ACTION_0.gz,AIM.T_RU_RULE_ACTION_0,3/5/2026,10:24:15
,AIM.T_RU_RULE_HISTORY_0.gz,AIM.T_RU_RULE_HISTORY_0,3/5/2026,10:24:15
,AIM.T_RU_TRANSACTION_0.gz,AIM.T_RU_TRANSACTION_0,3/5/2026,10:24:15
,AIM.T_RU_TUPLE_SET_0.gz,AIM.T_RU_TUPLE_SET_0,3/5/2026,10:24:15
,AIM.T_RU_VARIABLE_0.gz,AIM.T_RU_VARIABLE_0,3/5/2026,10:24:15
,AIM.T_SITE_OF_DIFF_0.gz,AIM.T_SITE_OF_DIFF_0,3/5/2026,10:24:15
,AIM.T_SPEC_MOD_0.gz,AIM.T_SPEC_MOD_0,3/5/2026,10:24:15
,AIM.T_SPEC_TOB_XREF_0.gz,AIM.T_SPEC_TOB_XREF_0,3/5/2026,10:24:15
,AIM.T_TOWN_0.gz,AIM.T_TOWN_0,3/5/2026,10:24:15
,AIM.T_TP_SPC_MOD_EXCL_0.gz,AIM.T_TP_SPC_MOD_EXCL_0,3/5/2026,10:24:15
,AIM.T_TTH_SFC_NBR_XREF_0.gz,AIM.T_TTH_SFC_NBR_XREF_0,3/5/2026,10:24:15
,AIM.T_TYPE_SPEC_CODE_0.gz,AIM.T_TYPE_SPEC_CODE_0,3/5/2026,10:24:15
,AIM.T_TYPE_SPEC_EXCL_0.gz,AIM.T_TYPE_SPEC_EXCL_0,3/5/2026,10:24:15
,AIM.T_TYPE_SPEC_GROUP_0.gz,AIM.T_TYPE_SPEC_GROUP_0,3/5/2026,10:24:15
,AIM.T_UMBRELLA_PARM_0.gz,AIM.T_UMBRELLA_PARM_0,3/5/2026,10:24:15
,AIM.T_UOM_DRUG_FORM_XREF_0.gz,AIM.T_UOM_DRUG_FORM_XREF_0,3/5/2026,10:24:15
